CustomerId,France,Germany,Spain,Tenure,Balance,NumOfProducts,HasCrCard,IsActiveMember,EstimatedSalary,Exited,CreditLevel
15647311,0.0,0.0,1.0,0.1,0.3938742784740165,0.0,0,1,0.5623441146276376,0,7
15619304,1.0,0.0,0.0,0.8,0.7503625841369086,0.6666666666666667,1,0,0.5692955193544966,1,6
15574012,0.0,0.0,1.0,0.8,0.5346214038844204,0.3333333333333333,1,0,0.7485877011098655,1,6
15792365,1.0,0.0,0.0,0.4,0.6676016152030612,0.3333333333333333,0,1,0.3741589753165301,0,7
15568982,1.0,0.0,0.0,0.6000000000000001,0.0,0.3333333333333333,1,1,0.2729826780657179,0,7
15700772,1.0,0.0,0.0,0.9,0.0,0.3333333333333333,0,0,0.1914535742163385,0,6
15656300,1.0,0.0,0.0,0.0,0.2805605555456338,0.3333333333333333,1,1,0.2667728118944846,0,7
15768193,0.0,1.0,0.0,0.5,0.6864000635403438,0.3333333333333333,0,0,0.4316326925366549,0,7
15760861,1.0,0.0,0.0,0.1,0.5884621638870898,0.0,1,1,0.5666876978618497,0,7
15630053,1.0,0.0,0.0,0.5,0.6009281025969765,0.0,1,0,0.435050866482072,0,7
15623944,0.0,0.0,1.0,0.4,0.0,0.0,1,0,0.007331407578507,1,6
15702014,0.0,0.0,1.0,0.1,0.2635828764412895,0.3333333333333333,0,0,0.8939297584772341,0,7
15696061,0.0,1.0,0.0,0.1,0.4776478041453494,0.0,1,0,0.5517789543480599,0,6
15641582,0.0,1.0,0.0,1.0,0.5789127363611497,0.3333333333333333,1,1,0.983388575461745,0,6
15620344,1.0,0.0,0.0,0.6000000000000001,0.0,0.0,1,0,0.169035357781468,0,7
15663706,1.0,0.0,0.0,0.2,0.0,0.0,1,0,0.682033302022593,1,7
15641732,1.0,0.0,0.0,0.3,0.0,0.3333333333333333,0,0,0.129327086666324,0,7
15809248,1.0,0.0,0.0,1.0,0.0,0.3333333333333333,1,0,0.5476904579747525,0,6
15693683,0.0,1.0,0.0,0.8,0.4562798256588315,0.3333333333333333,1,1,0.9864056269448996,0,6
15743192,1.0,0.0,0.0,0.6000000000000001,0.0,0.3333333333333333,0,0,0.8356971866226385,0,6
15665790,0.0,1.0,0.0,0.7000000000000001,0.5078297494762151,0.3333333333333333,1,0,0.1353910673756116,0,6
15580203,0.0,0.0,1.0,0.6000000000000001,0.5648765710021044,0.0,0,0,0.5002282869758714,0,7
15610156,1.0,0.0,0.0,0.2,0.6272404785828622,0.0,0,1,0.4653678673332122,0,7
15724944,1.0,0.0,0.0,0.7000000000000001,0.0,0.3333333333333333,1,1,0.9020828790573486,0,7
15713483,0.0,0.0,1.0,0.2,0.0,0.0,1,0,0.7954667806791997,1,7
15703264,1.0,0.0,0.0,0.9,0.5671710259791651,0.0,1,0,0.3736376912782364,0,7
15811589,0.0,0.0,1.0,0.8,0.0,0.3333333333333333,1,0,0.9039505132490776,0,6
15692132,0.0,0.0,1.0,0.6000000000000001,0.4749558460406187,0.0,0,1,0.4229996263030036,0,7
15585388,0.0,1.0,0.0,0.9,0.5883579708823553,0.3333333333333333,1,1,0.6991303775120388,0,6
15625426,0.0,1.0,0.0,0.3,0.7595177043512915,0.0,1,0,0.0395500241749476,1,6
15702741,1.0,0.0,0.0,0.8,0.4371354302273446,0.0,1,0,0.4342994187252573,0,7
15600974,0.0,0.0,1.0,0.5,0.0,0.0,0,1,0.7305170215803884,1,7
15624592,1.0,0.0,0.0,0.8,0.0,0.3333333333333333,1,1,0.8494729280873755,0,7
15785542,0.0,1.0,0.0,0.4,0.5559169595381481,0.3333333333333333,0,0,0.3015255315323043,0,7
15680920,1.0,0.0,0.0,0.7000000000000001,0.2326955956954236,0.0,1,0,0.6647630156982266,0,7
15733247,1.0,0.0,0.0,1.0,0.0,0.0,1,0,0.0234394146684904,1,6
15794056,1.0,0.0,0.0,0.2,0.0,0.6666666666666667,1,0,0.4447643359241224,1,6
15813844,1.0,0.0,0.0,0.8,0.4979912415839592,0.3333333333333333,0,1,0.3702468427057945,0,7
15596175,0.0,1.0,0.0,0.6000000000000001,0.5518027692686562,0.0,1,1,0.2246731202257856,1,6
15685500,0.0,1.0,0.0,0.7000000000000001,0.7162411844822448,0.3333333333333333,1,0,0.3965472639619519,0,6
15657566,0.0,1.0,0.0,0.8,0.4845320150278552,0.0,1,1,0.7877269438537154,0,6
15753754,0.0,0.0,1.0,0.1,0.0,0.3333333333333333,1,1,0.489226721472223,0,6
15787071,0.0,0.0,1.0,0.9,0.0,0.3333333333333333,0,1,0.9579969480661268,0,7
15758685,0.0,0.0,1.0,0.7000000000000001,0.0,0.3333333333333333,1,1,0.5541200781986113,0,6
15652266,0.0,1.0,0.0,0.9,0.2971498020003928,0.0,0,1,0.6863279398085093,0,7
15785819,1.0,0.0,0.0,0.3,0.0,0.3333333333333333,1,1,0.5620907793932056,0,7
15746726,0.0,1.0,0.0,0.8,0.3684526422349657,0.0,1,0,0.2240020971473061,0,6
15626114,1.0,0.0,0.0,0.4,0.4499603342823653,0.0,1,0,0.230176530417319,0,7
15742668,0.0,0.0,1.0,0.6000000000000001,0.5088367605327988,0.0,1,0,0.0271239359307084,0,6
15636624,0.0,0.0,1.0,0.5,0.776734317707359,0.0,1,0,0.0697230413300269,1,6
15786170,1.0,0.0,0.0,0.4,0.5561766195973082,0.0,0,0,0.8077300177079427,0,7
15576256,1.0,0.0,0.0,0.5,0.0,0.3333333333333333,1,1,0.6491764928324195,0,7
15611759,0.0,0.0,1.0,0.8,0.5958143268436333,0.3333333333333333,1,1,0.6612154716261784,0,6
15774696,0.0,1.0,0.0,0.1,0.4996184289555978,0.3333333333333333,0,1,0.5667791828101985,0,7
15684548,0.0,0.0,1.0,0.8,0.0,0.3333333333333333,0,0,0.001197211670897,1,6
15710825,0.0,0.0,1.0,0.7000000000000001,0.5173044043045762,0.0,0,0,0.2189191273557061,0,7
15613786,0.0,0.0,1.0,0.4,0.0,0.3333333333333333,1,1,0.8350691534624476,0,6
15683625,1.0,0.0,0.0,0.1,0.7038412769729229,0.0,1,0,0.1023510881028579,1,7
15635367,1.0,0.0,0.0,0.2,0.4410446652899591,0.0,1,0,0.1413170699653163,0,7
15797736,1.0,0.0,0.0,0.4,0.3772125151918758,0.0,1,1,0.1022681110545196,0,7
15731744,1.0,0.0,0.0,0.2,0.0,0.3333333333333333,0,1,0.6521474515161053,0,7
15807709,0.0,1.0,0.0,0.9,0.8463048376196433,0.0,1,1,0.5002120719193808,0,7
15733616,1.0,0.0,0.0,0.5,0.37886367118436,0.0,1,1,0.7139652023886781,0,7
15727688,0.0,0.0,1.0,0.4,0.0,0.3333333333333333,1,1,0.271389999183742,0,6
15730059,0.0,0.0,1.0,0.9,0.3648745501183861,0.3333333333333333,1,1,0.5563567550649156,0,6
15677307,0.0,1.0,0.0,0.6000000000000001,0.6453981187922446,0.0,1,0,0.9348601143591884,0,6
15786063,1.0,0.0,0.0,0.2,0.0,0.3333333333333333,1,1,0.5613778674187917,0,7
15776780,1.0,0.0,0.0,0.1,0.0,0.0,1,0,0.3526847354110659,1,7
15667896,1.0,0.0,0.0,0.8,0.7107221510474286,0.3333333333333333,1,1,0.680388274532317,0,7
15709324,1.0,0.0,0.0,0.7000000000000001,0.0,0.3333333333333333,1,0,0.2743827781286313,0,7
15689614,0.0,0.0,1.0,0.1,0.6472263605952113,0.0,1,1,0.1889782257315029,0,6
15795564,0.0,1.0,0.0,0.5,0.5695706609041715,0.3333333333333333,1,1,0.3739091433350437,0,6
15753719,0.0,1.0,0.0,0.9,0.340224750467858,0.0,1,0,0.3848521044215606,0,6
15680998,1.0,0.0,0.0,0.5,0.0,0.0,1,1,0.5864342835539941,0,7
15607170,1.0,0.0,0.0,0.5,0.0,0.3333333333333333,1,1,0.3914587390121097,0,7
15646161,0.0,0.0,1.0,0.8,0.0,0.3333333333333333,1,1,0.9165540662782428,0,6
15773456,0.0,1.0,0.0,0.3,0.6849746355594699,0.3333333333333333,0,1,0.4473581444049873,0,7
15805112,1.0,0.0,0.0,0.7000000000000001,0.3865964182420943,0.0,1,0,0.0441348814441649,0,7
15692926,0.0,1.0,0.0,0.8,0.5719699198508117,0.0,1,1,0.6607750626844556,0,6
15667215,1.0,0.0,0.0,0.2,0.0,0.3333333333333333,1,1,0.2933978846057506,0,7
15788659,1.0,0.0,0.0,0.4,0.0,0.3333333333333333,1,1,0.6874334663451749,0,7
15763218,1.0,0.0,0.0,0.1,0.0,0.3333333333333333,0,1,0.6562217847382187,0,7
15645772,1.0,0.0,0.0,0.9,0.0,0.3333333333333333,1,1,0.4203734377556279,0,7
15715142,0.0,1.0,0.0,0.7000000000000001,0.4826792406364937,0.0,0,1,0.7388097718136175,1,6
15803457,1.0,0.0,0.0,0.5,0.0,0.3333333333333333,1,0,0.4776098846583995,0,7
15659098,1.0,0.0,0.0,0.7000000000000001,0.4470799170215745,0.0,0,0,0.098196530388292,0,7
15723873,0.0,0.0,1.0,0.3,0.5882511460290575,0.0,0,0,0.4936693967183228,0,7
15716835,1.0,0.0,0.0,0.8,0.7346870121093232,0.0,1,1,0.62659597569323,0,7
15790314,1.0,0.0,0.0,0.0,0.0,0.3333333333333333,0,1,0.6525500753724871,0,7
15634245,0.0,1.0,0.0,0.9,0.4489330203940065,0.0,1,0,0.3659212261545458,0,6
15685997,0.0,0.0,1.0,0.5,0.7836043354065406,0.3333333333333333,1,0,0.0705717794257858,0,6
15637876,0.0,1.0,0.0,0.6000000000000001,0.3630705589200397,0.0,0,0,0.1783645203753945,1,6
15672056,0.0,1.0,0.0,0.2,0.6583396231380846,0.6666666666666667,1,1,0.7893829815675346,1,6
15640442,1.0,0.0,0.0,0.4,0.6096609991061114,0.0,0,0,0.2051825722774882,0,7
15737051,1.0,0.0,0.0,0.8,0.0,0.3333333333333333,1,0,0.9612383578772068,0,6
15745196,1.0,0.0,0.0,0.8,0.0,0.3333333333333333,0,0,0.4223468701863115,0,6
15769504,0.0,1.0,0.0,0.1,0.6191277113914865,0.0,1,1,0.5423286792951596,0,7
15567367,0.0,1.0,0.0,0.9,0.6280538137835548,0.0,0,1,0.5161670369021155,0,7
15681554,0.0,1.0,0.0,0.7000000000000001,0.5667844732214108,0.3333333333333333,1,1,0.2301399464472736,0,6
15716155,1.0,0.0,0.0,0.5,0.7332579653366744,0.0,0,0,0.6129931447845898,0,7
15639788,1.0,0.0,0.0,1.0,0.0,0.3333333333333333,1,0,0.0519238138573572,0,7
15592222,1.0,0.0,0.0,0.7000000000000001,0.3759841468721889,0.0,0,0,0.6756369627017166,0,7
15782390,1.0,0.0,0.0,0.6000000000000001,0.0,0.0,1,0,0.7756054884763247,0,7
15566091,0.0,0.0,1.0,0.4,0.0,0.0,1,0,0.4732444811629839,0,6
15745324,0.0,0.0,1.0,0.4,0.0,0.0,1,0,0.9713770221339024,1,7
15783659,1.0,0.0,0.0,0.4,0.6860753122265344,0.0,1,1,0.6549331882119142,0,7
15801488,1.0,0.0,0.0,0.3,0.0,0.3333333333333333,1,1,0.6722806461940235,0,7
15705620,1.0,0.0,0.0,0.5,0.5754977248609114,0.3333333333333333,1,0,0.6941685201794127,0,7
15642937,1.0,0.0,0.0,0.7000000000000001,0.0,0.3333333333333333,1,0,0.6526668337885143,0,7
15782899,0.0,0.0,1.0,0.7000000000000001,0.4481544161948921,0.0,0,0,0.5110693534481443,0,7
15633897,0.0,1.0,0.0,0.1,0.2391268466412442,0.3333333333333333,1,1,0.9200810912973242,0,7
15573086,1.0,0.0,0.0,0.7000000000000001,0.4691479202286699,0.0,1,1,0.1828858686733566,0,7
15569050,1.0,0.0,0.0,0.6000000000000001,0.0,0.0,1,0,0.6497616361672631,1,7
15585961,0.0,0.0,1.0,0.3,0.0,0.3333333333333333,0,1,0.9975629871116826,0,6
15770424,0.0,1.0,0.0,0.7000000000000001,0.4498116348385313,0.3333333333333333,1,0,0.2446533228429258,0,6
15705860,0.0,1.0,0.0,0.3,0.5073332230463459,0.0,1,0,0.2616000587345379,1,6
15650933,0.0,0.0,1.0,0.8,0.7303993548211235,0.0,1,0,0.939588004441524,0,7
15692744,1.0,0.0,0.0,0.4,0.7151537140552932,0.3333333333333333,0,0,0.1924342348087316,1,7
15590476,1.0,0.0,0.0,0.7000000000000001,0.0,0.3333333333333333,1,0,0.7580427305774777,0,6
15723250,1.0,0.0,0.0,0.8,0.0,0.3333333333333333,1,1,0.5070084326801652,0,7
15592583,1.0,0.0,0.0,0.1,0.5424154824131419,0.6666666666666667,0,0,0.9586725754199062,1,7
15593973,0.0,0.0,1.0,0.8,0.5758493116306087,0.0,1,0,0.981321756316828,0,7
15647301,0.0,1.0,0.0,0.3,0.6755109780983202,0.3333333333333333,1,1,0.4815781193627343,0,7
15569247,0.0,0.0,1.0,0.1,0.5154650241425108,0.0,0,1,0.0028785728988652,0,7
15651369,1.0,0.0,0.0,0.1,0.0,0.3333333333333333,1,0,0.3305771574195218,0,7
15795228,1.0,0.0,0.0,0.3,0.6232950556025005,0.0,1,1,0.294252277952693,0,7
15589257,1.0,0.0,0.0,0.3,0.486257614736848,0.3333333333333333,1,1,0.87305502524369,0,7
15678058,1.0,0.0,0.0,0.9,0.4915172700962786,0.0,1,0,0.8833228594411341,0,7
15724334,1.0,0.0,0.0,0.5,0.0,0.0,1,0,0.7556598679704039,0,7
15599268,0.0,0.0,1.0,0.5,0.0,0.3333333333333333,1,0,0.0539432389945684,0,6
15697625,1.0,0.0,0.0,0.2,0.7697663106464853,0.3333333333333333,1,0,0.3786232706379508,0,7
15619626,1.0,0.0,0.0,0.3,0.6461768639832464,0.3333333333333333,0,1,0.8506093332964324,0,7
15760774,1.0,0.0,0.0,0.1,0.6877094082006521,0.3333333333333333,1,1,0.974350132815826,0,7
15615032,0.0,0.0,1.0,0.3,0.0,0.3333333333333333,1,1,0.3135253239395441,0,6
15701265,0.0,1.0,0.0,0.1,0.4904493975416654,0.3333333333333333,0,1,0.2702803187900124,0,7
15743532,0.0,1.0,0.0,0.5,0.6908806447277023,0.0,1,0,0.3213140561668537,1,6
15726557,1.0,0.0,0.0,0.7000000000000001,0.7786508204317923,0.0,0,0,0.1638426360797318,0,7
15737748,0.0,0.0,1.0,0.3,0.7107571170354857,0.0,0,0,0.9967177022223986,0,7
15683930,0.0,1.0,0.0,0.9,0.6302174282891762,0.3333333333333333,1,0,0.2690140930360887,1,6
15644833,1.0,0.0,0.0,0.2,0.0,0.0,1,0,0.7477216969817325,1,7
15734634,0.0,0.0,1.0,0.5,0.4742600040793652,0.0,0,0,0.0373000349474504,0,7
15796721,1.0,0.0,0.0,0.3,0.6815476867461044,0.3333333333333333,1,1,0.6332090662784929,0,7
15682563,0.0,0.0,1.0,0.5,0.5943935515950411,0.0,1,0,0.4593980740816886,0,6
15777826,1.0,0.0,0.0,0.5,0.4438601792852839,0.0,1,1,0.8279498428265566,0,7
15668445,1.0,0.0,0.0,0.2,0.0,0.3333333333333333,1,1,0.4313707993557418,0,7
15613141,1.0,0.0,0.0,0.3,0.6380210002716442,0.0,1,1,0.5181222023710116,0,7
15746326,1.0,0.0,0.0,0.3,0.0,0.3333333333333333,0,1,0.9946644456710276,0,7
15719958,0.0,1.0,0.0,0.3,0.5853465721582379,0.3333333333333333,1,1,0.6015682361857102,0,7
15774738,1.0,0.0,0.0,0.3,0.5064651829933705,0.0,1,0,0.9283096319087089,0,7
15714466,1.0,0.0,0.0,0.5,0.0,0.6666666666666667,1,0,0.0163265600273133,1,6
15704586,1.0,0.0,0.0,0.7000000000000001,0.0,0.3333333333333333,0,1,0.3805101727208799,0,7
15684196,1.0,0.0,0.0,0.2,0.7493308525027469,0.0,1,0,0.5030066668404948,1,7
15787835,0.0,1.0,0.0,0.4,0.5884655946896814,0.3333333333333333,1,1,0.0781610264210832,1,6
15730540,0.0,0.0,1.0,0.8,0.4166609643281125,0.3333333333333333,1,0,0.5823863748683841,0,6
15579062,1.0,0.0,0.0,0.9,0.0,0.3333333333333333,0,0,0.1532864841648712,0,6
15693904,0.0,1.0,0.0,0.4,0.3992824452880981,0.3333333333333333,0,1,0.9717299498449286,0,7
15685150,0.0,1.0,0.0,0.7000000000000001,0.7879488124253329,0.3333333333333333,1,1,0.5553159386148008,0,7
15626485,1.0,0.0,0.0,0.8,0.3707721467706747,0.0,1,1,0.1177359737384148,0,7
15608653,0.0,0.0,1.0,0.7000000000000001,0.3324169017314743,0.0,1,1,0.1004221469845825,1,6
15703399,1.0,0.0,0.0,0.5,0.4776858719549277,0.3333333333333333,0,1,0.7721294107643653,0,7
15761976,0.0,0.0,1.0,0.8,0.0,0.3333333333333333,1,0,0.589239338187474,0,6
15791302,1.0,0.0,0.0,0.8,0.0,0.3333333333333333,1,0,0.7177690344369265,0,6
15798975,0.0,1.0,0.0,0.4,0.6222609271062542,0.0,0,0,0.1797354933923895,1,6
15599956,1.0,0.0,0.0,1.0,0.0,0.3333333333333333,0,0,0.064208120450244,0,6
15638149,1.0,0.0,0.0,0.6000000000000001,0.4877024526008772,0.0,1,0,0.9855841641756452,0,7
15701765,0.0,0.0,1.0,0.0,0.0,0.3333333333333333,0,0,0.1498197651429234,0,7
15751531,0.0,0.0,1.0,0.8,0.0,0.3333333333333333,1,1,0.8096329847079505,0,6
15769818,1.0,0.0,0.0,0.3,1.0,0.0,0,1,0.3462950022243154,0,7
15614818,0.0,0.0,1.0,0.9,0.7940887271346405,0.0,0,1,0.5945736914011506,0,7
15723411,0.0,0.0,1.0,0.4,0.4618250365873947,0.0,1,1,0.2314057217829615,0,6
15690678,1.0,0.0,0.0,0.4,0.6077094363990295,0.0,1,1,0.8645632401966846,0,7
15618581,0.0,0.0,1.0,0.8,0.0,0.3333333333333333,1,1,0.6752965466083531,0,6
15568106,1.0,0.0,0.0,0.8,0.5605743915495102,0.3333333333333333,0,1,0.0960518889815137,0,7
15779481,1.0,0.0,0.0,0.4,0.7460417937551872,0.3333333333333333,1,1,0.6306573468794449,0,7
15651063,0.0,1.0,0.0,0.9,0.5991242523905174,0.3333333333333333,1,0,0.8981164460259574,0,6
15618314,1.0,0.0,0.0,0.8,0.5357963362788104,0.0,1,1,0.3394164651587231,0,7
15719309,1.0,0.0,0.0,0.1,0.5449880673866025,0.3333333333333333,0,1,0.1466645854007738,0,7
15714080,0.0,1.0,0.0,0.2,0.4558801606555558,0.3333333333333333,1,0,0.7722561784745225,0,6
15665695,1.0,0.0,0.0,0.4,0.0,0.3333333333333333,1,1,0.1173757892891444,0,7
15801062,0.0,0.0,1.0,0.4,0.0,0.3333333333333333,0,1,0.5267658284099701,0,6
15662955,1.0,0.0,0.0,0.8,0.6637131059478837,0.3333333333333333,1,0,0.4524849549048769,0,7
15810347,0.0,0.0,1.0,0.9,0.0,0.3333333333333333,0,1,0.7892660730120953,0,7
15718944,1.0,0.0,0.0,0.6000000000000001,0.0,0.3333333333333333,1,0,0.9699865810398244,0,7
15723053,0.0,1.0,0.0,0.8,0.8003226834327952,0.3333333333333333,0,1,0.077475940284351,0,7
15661528,0.0,0.0,1.0,0.5,0.4820147458715225,0.0,1,0,0.463079542509197,0,6
15675501,1.0,0.0,0.0,0.5,0.7231055625059334,0.0,1,1,0.0876878725740786,0,7
15575409,0.0,1.0,0.0,0.6000000000000001,0.5493594738558742,0.0,1,0,0.53529259593996,0,6
15806447,0.0,1.0,0.0,0.0,0.5013836943822252,0.3333333333333333,1,1,0.6893315788375296,0,7
15791991,1.0,0.0,0.0,0.4,0.0,0.0,0,1,0.7203450263742399,0,7
15675896,0.0,1.0,0.0,0.7000000000000001,0.4968680532122181,0.0,1,1,0.4523202519699667,1,6
15713843,0.0,0.0,1.0,0.2,0.0,0.3333333333333333,0,1,0.1389236475529352,0,6
15574879,0.0,1.0,0.0,0.2,0.5724351460816944,0.3333333333333333,0,1,0.1149488857878983,0,7
15675320,0.0,0.0,1.0,0.5,0.439423869550546,0.3333333333333333,0,0,0.6157748777627466,0,7
15596414,0.0,0.0,1.0,0.8,0.505338751808221,0.0,1,0,0.0917462910185252,0,6
15672132,1.0,0.0,0.0,0.7000000000000001,0.5707992172130415,0.0,0,0,0.2311969279074084,0,7
15670702,1.0,0.0,0.0,0.2,0.7903921078381149,0.3333333333333333,0,1,0.5059449952253164,0,7
15645544,0.0,1.0,0.0,0.5,0.6098072546905651,0.0,1,0,0.0020235789942751,0,6
15689980,0.0,0.0,1.0,0.4,0.5570131714621139,0.0,0,0,0.6555872955833139,1,7
15693381,0.0,0.0,1.0,0.1,0.6358232657292898,0.3333333333333333,0,1,0.764600669952084,0,7
15757648,0.0,1.0,0.0,0.5,0.4497584338997133,0.0,0,1,0.9127904215459264,0,7
15792649,0.0,0.0,1.0,0.9,0.0,0.3333333333333333,0,0,0.496040748637147,0,7
15583718,0.0,1.0,0.0,0.6000000000000001,0.6688473725221851,0.0,1,1,0.0392379343839722,0,6
15619343,1.0,0.0,0.0,0.7000000000000001,0.7179259905385044,0.3333333333333333,1,0,0.6655626081598067,1,6
15758813,0.0,1.0,0.0,0.0,0.5157163656803186,0.3333333333333333,0,0,0.6176931589827734,1,7
15681956,1.0,0.0,0.0,0.9,0.0,0.3333333333333333,1,1,0.3256993281111175,0,7
15805312,1.0,0.0,0.0,0.7000000000000001,0.5821066255847638,0.0,0,1,0.5648914299372683,0,7
15734999,0.0,0.0,1.0,0.2,0.4041588377004786,0.0,1,0,0.0786204530216532,0,6
15641043,0.0,0.0,1.0,0.7000000000000001,0.0,0.3333333333333333,1,1,0.3916545208052938,0,6
15716324,1.0,0.0,0.0,0.9,0.6752237776238355,0.0,1,1,0.5753799690702802,0,7
15754999,1.0,0.0,0.0,0.8,0.0,0.0,1,1,0.6228945387239321,0,7
15781034,0.0,0.0,1.0,0.5,0.0,0.3333333333333333,0,1,0.273718311137807,0,6
15622017,0.0,0.0,1.0,1.0,0.0,0.0,1,1,0.4936678953242033,0,6
15739858,1.0,0.0,0.0,0.7000000000000001,0.0,0.0,1,1,0.7117713152547798,1,7
15757931,1.0,0.0,0.0,0.3,0.0,0.3333333333333333,1,0,0.8658897219012713,0,7
15810457,0.0,1.0,0.0,0.9,0.7068963831821117,0.3333333333333333,1,0,0.8537221737244117,0,6
15780514,1.0,0.0,0.0,0.8,0.6423520830611406,0.0,1,0,0.2708136139812623,0,7
15591386,1.0,0.0,0.0,0.5,0.0,0.3333333333333333,1,0,0.2549097464450616,0,7
15775803,0.0,0.0,1.0,0.1,0.0,0.3333333333333333,0,1,0.9654743912459914,0,6
15617648,1.0,0.0,0.0,0.5,0.4496313532119361,0.3333333333333333,1,1,0.5324278358669944,0,7
15567399,0.0,1.0,0.0,0.3,0.6775331777409528,0.0,1,1,0.7930777623562358,0,7
15734311,1.0,0.0,0.0,0.3,0.0,0.3333333333333333,1,1,0.3839144837939268,0,7
15756668,1.0,0.0,0.0,0.3,0.4625256252755215,0.0,1,1,0.5522242177974358,0,7
15752953,1.0,0.0,0.0,0.9,0.0,0.3333333333333333,0,0,0.0873042163300732,0,6
15666043,1.0,0.0,0.0,0.4,0.7345563596270669,0.3333333333333333,1,1,0.830393161570176,0,7
15792222,1.0,0.0,0.0,0.1,0.5023141468439906,0.3333333333333333,0,0,0.8468294234611549,0,7
15730868,1.0,0.0,0.0,0.5,0.0,0.3333333333333333,1,1,0.1129647934589663,0,7
15711015,1.0,0.0,0.0,0.4,0.0,0.3333333333333333,1,1,0.9545504978647924,0,7
15805303,0.0,1.0,0.0,0.1,0.6633039474908613,0.0,1,0,0.9487038689775392,1,6
15780254,1.0,0.0,0.0,0.6000000000000001,0.0,0.0,0,0,0.9193270911705064,1,7
15809143,0.0,1.0,0.0,0.9,0.6253489784197817,0.0,1,1,0.6255294854036716,0,6
15714586,0.0,0.0,1.0,0.3,0.4692044109781922,0.0,0,1,0.1137624841546618,0,7
15732740,0.0,0.0,1.0,0.9,0.8370009239668348,0.0,0,0,0.2355655844234163,0,7
15664881,1.0,0.0,0.0,0.4,0.4702303619449736,0.0,1,0,0.5470993090634308,0,7
15726354,1.0,0.0,0.0,0.6000000000000001,0.5788090603266687,0.0,1,0,0.8625661357853835,0,7
15704284,0.0,1.0,0.0,0.9,0.4478625629881256,0.0,1,0,0.1414125586313171,1,6
15721426,0.0,1.0,0.0,1.0,0.5936070518502364,0.6666666666666667,0,0,0.0384531556777045,1,6
15750649,1.0,0.0,0.0,0.3,0.0,0.3333333333333333,1,1,0.9450672922342042,0,7
15637644,1.0,0.0,0.0,0.4,0.0,0.3333333333333333,0,1,0.1709455314732495,0,7
15689147,1.0,0.0,0.0,0.1,0.0,0.3333333333333333,1,0,0.632471131068754,0,7
15710161,1.0,0.0,0.0,0.2,0.0,0.3333333333333333,1,1,0.8584394539549699,0,7
15791700,0.0,1.0,0.0,0.2,0.5549415776616213,1.0,1,1,0.7148102370456086,1,6
15670753,0.0,0.0,1.0,0.2,0.5981993456096535,0.0,1,1,0.1557654359955937,0,6
15762803,1.0,0.0,0.0,0.3,0.0,0.3333333333333333,1,0,0.0759841550872062,0,7
15812982,0.0,0.0,1.0,0.2,0.0,0.0,0,0,0.8421916670724601,0,7
15808784,1.0,0.0,0.0,0.2,0.7687329341069713,0.3333333333333333,1,1,0.7726228689649774,0,7
15633112,0.0,1.0,0.0,0.3,0.5555078950757173,0.3333333333333333,1,0,0.0464165500875838,1,6
15604782,0.0,1.0,0.0,0.7000000000000001,0.8800616792509758,0.0,0,1,0.9521472162976932,0,7
15681402,0.0,1.0,0.0,0.1,0.3106610075656246,0.0,1,1,0.7196836622645958,0,7
15594685,1.0,0.0,0.0,0.2,0.0,0.3333333333333333,0,0,0.822287184765414,0,7
15579208,1.0,0.0,0.0,0.6000000000000001,0.0,0.3333333333333333,1,1,0.9593512556083952,0,7
15763747,1.0,0.0,0.0,0.7000000000000001,0.0,0.3333333333333333,1,1,0.3035421040206884,0,7
15783615,0.0,1.0,0.0,0.3,0.6080082922028666,1.0,1,1,0.238206937051399,1,6
15619889,1.0,0.0,0.0,0.4,0.0,0.0,1,0,0.975852077446513,0,7
15647266,0.0,0.0,1.0,1.0,0.6388020953274348,0.0,1,0,0.0928594746652003,0,6
15680141,0.0,0.0,1.0,0.7000000000000001,0.6952611686723545,0.0,1,1,0.5335329620318947,0,7
15602034,1.0,0.0,0.0,0.2,0.5947926996280634,0.0,1,0,0.3661211618047938,0,7
15614929,0.0,1.0,0.0,0.0,0.4521789356240441,0.3333333333333333,1,0,0.7393633858719514,0,6
15581440,0.0,1.0,0.0,0.6000000000000001,0.5191474032584165,0.3333333333333333,1,1,0.4022431028331357,1,6
15735388,1.0,0.0,0.0,0.7000000000000001,0.5106954095861324,0.3333333333333333,1,0,0.9500504693633274,0,7
15644896,0.0,1.0,0.0,0.3,0.5103288776763785,0.0,1,1,0.9117316884593188,0,7
15751057,0.0,1.0,0.0,0.5,0.4817238796079672,0.0,0,0,0.5310409981188032,0,7
15607827,0.0,1.0,0.0,0.4,0.6272624263199894,0.3333333333333333,1,1,0.2141911371804288,0,7
15728006,1.0,0.0,0.0,0.2,0.84838061417946,0.0,1,0,0.8999568048911818,0,7
15578825,1.0,0.0,0.0,0.0,0.6579370443024708,0.0,1,0,0.0879142828073007,0,7
15592765,1.0,0.0,0.0,0.8,0.5896788768774244,0.0,1,1,0.8726001528719494,0,7
15725818,0.0,1.0,0.0,0.4,0.5030651636304847,0.0,1,1,0.0273125610785895,0,6
15679249,0.0,1.0,0.0,0.4,0.7667442435362268,0.0,1,0,0.8480049149637896,1,6
15661219,1.0,0.0,0.0,1.0,0.0,0.3333333333333333,1,0,0.5160263062266467,0,6
15713378,1.0,0.0,0.0,1.0,0.0,0.3333333333333333,0,0,0.2659148652481261,0,6
15607993,1.0,0.0,0.0,0.2,0.373482621809941,0.0,1,1,0.4225315416630112,0,7
15598175,0.0,1.0,0.0,0.4,0.4938573124502415,0.3333333333333333,1,0,0.6637332094716549,0,6
15679770,1.0,0.0,0.0,0.3,0.6184072898445423,1.0,0,1,0.3306071853019121,1,6
15732270,0.0,0.0,1.0,0.8,0.0,0.0,1,1,0.9922649676356982,1,6
15596088,1.0,0.0,0.0,0.4,0.3621888896512893,0.3333333333333333,0,1,0.7255790864607332,0,7
15611905,0.0,0.0,1.0,0.5,0.821763977700723,0.0,1,0,0.4206928343313184,0,6
15663885,1.0,0.0,0.0,0.5,0.0,0.0,1,1,0.323605684057932,0,7
15704844,0.0,0.0,1.0,0.7000000000000001,0.3803376473717701,0.0,0,1,0.3218612642769443,0,7
15583049,0.0,1.0,0.0,0.7000000000000001,0.7539591461907281,0.0,0,1,0.9426498975623816,0,7
15788946,0.0,0.0,1.0,0.3,0.5489557670851619,0.0,0,0,0.0195909912148925,0,7
15707144,0.0,1.0,0.0,0.6000000000000001,0.38775927233147,0.3333333333333333,1,0,0.8384129083060076,0,6
15735263,1.0,0.0,0.0,0.5,0.2421429920922349,0.0,0,1,0.9606599207694304,0,7
15643658,0.0,1.0,0.0,0.2,0.4421457179353899,0.3333333333333333,1,0,0.1841827729137891,0,6
15682890,0.0,1.0,0.0,0.5,0.305930823740402,0.3333333333333333,1,1,0.7007468284675736,0,6
15641994,0.0,1.0,0.0,0.1,0.4841588564993969,0.0,1,0,0.1615710267769137,1,6
15732102,0.0,1.0,0.0,0.3,0.7092128328935952,0.3333333333333333,1,0,0.0841808160967866,0,6
15618765,0.0,1.0,0.0,0.0,0.4697306866962874,0.0,0,1,0.4862536608367699,0,7
15728474,0.0,1.0,0.0,0.4,0.5086795075811338,0.0,1,1,0.7186927921921901,0,6
15797010,1.0,0.0,0.0,0.2,0.0,0.3333333333333333,1,0,0.0751819101626815,0,7
15627352,0.0,1.0,0.0,0.7000000000000001,0.5186453311476457,0.0,1,0,0.0239769638097455,1,6
15708505,0.0,1.0,0.0,0.7000000000000001,0.2959637782441998,0.3333333333333333,0,1,0.1943716838270175,0,7
15791131,0.0,1.0,0.0,0.2,0.6736613055284798,0.0,1,0,0.7287681977099836,0,6
15644724,1.0,0.0,0.0,0.4,0.2756998602300423,0.3333333333333333,0,1,0.3660589540417755,0,7
15687738,1.0,0.0,0.0,0.8,0.0,0.3333333333333333,1,0,0.6828463069383076,0,6
15626787,0.0,0.0,1.0,0.8,0.8698177726853596,0.0,0,0,0.576332903917933,1,7
15573280,0.0,1.0,0.0,0.6000000000000001,0.6828486658877647,0.3333333333333333,1,1,0.1383111788451166,0,6
15654495,0.0,1.0,0.0,0.6000000000000001,0.5668902641342016,0.0,1,1,0.7037810458901613,0,6
15747265,0.0,1.0,0.0,1.0,0.8049880579871433,0.0,1,1,0.4201798079606819,0,6
15782468,0.0,0.0,1.0,0.3,0.5160281927377898,0.3333333333333333,1,1,0.0614549139603578,1,6
15663826,0.0,0.0,1.0,0.3,0.0,0.0,1,1,0.5757787893948927,0,6
15723299,1.0,0.0,0.0,0.4,0.5344028664590639,0.0,1,1,0.769262999157868,1,7
15615991,1.0,0.0,0.0,0.7000000000000001,0.4665096800330108,0.0,1,1,0.3374619002474747,0,7
15813067,0.0,1.0,0.0,0.3,0.5180001522712382,0.0,1,0,0.214541762753805,1,6
15705890,1.0,0.0,0.0,0.7000000000000001,0.667700074537711,0.0,1,0,0.1843466751051689,0,7
15707968,0.0,0.0,1.0,0.8,0.3440724660703022,0.3333333333333333,1,0,0.4474612401345269,1,6
15594084,1.0,0.0,0.0,0.9,0.0,0.3333333333333333,1,0,0.3714806883932075,0,7
15570943,0.0,1.0,0.0,0.2,0.6279202944662563,0.0,1,1,0.6026001944105199,0,7
15774224,0.0,1.0,0.0,0.5,0.6183146581745685,0.3333333333333333,1,0,0.8530960923765764,0,6
15713144,0.0,0.0,1.0,0.8,0.0,0.0,1,0,0.3090520702998769,0,6
15690188,1.0,0.0,0.0,0.7000000000000001,0.0,0.0,1,1,0.2895930516280892,1,7
15654901,1.0,0.0,0.0,1.0,0.6652794318214929,0.0,1,0,0.6506608711519081,0,7
15583681,0.0,0.0,1.0,0.7000000000000001,0.3603081048716456,0.3333333333333333,1,1,0.8189148533871126,0,6
15605000,1.0,0.0,0.0,0.9,0.6592733184132584,0.6666666666666667,1,1,0.8571902940475379,1,6
15679760,1.0,0.0,0.0,0.1,0.544060998730133,0.3333333333333333,0,0,0.5143405909557319,0,7
15667265,1.0,0.0,0.0,0.4,0.5705689774610369,0.0,1,1,0.7979408279557985,0,7
15811613,1.0,0.0,0.0,0.8,0.0,0.0,1,0,0.0995333717123034,0,7
15578006,1.0,0.0,0.0,1.0,0.0,0.3333333333333333,1,1,0.582339581418326,0,6
15668504,1.0,0.0,0.0,0.2,0.4220363740270384,0.0,1,1,0.5292139015683013,0,7
15783029,1.0,0.0,0.0,0.7000000000000001,0.5010087499565274,0.3333333333333333,1,1,0.1311693973439036,0,7
15699247,1.0,0.0,0.0,0.5,0.0,0.3333333333333333,1,1,0.6195736551174593,1,7
15598840,1.0,0.0,0.0,0.1,0.5784524918436192,0.0,1,0,0.6745402943903562,0,7
15609653,0.0,1.0,0.0,0.6000000000000001,0.5579324385674848,0.0,1,0,0.6676845785153804,1,6
15662067,1.0,0.0,0.0,0.8,0.3203128421990598,0.0,1,0,0.4739323699020725,0,7
15809347,0.0,1.0,0.0,0.9,0.7551544754114847,0.0,1,0,0.1536835028165402,0,6
15766609,1.0,0.0,0.0,1.0,0.0,0.3333333333333333,1,0,0.8387810000976407,0,6
15707596,0.0,1.0,0.0,0.8,0.539946009506613,0.3333333333333333,1,1,0.333081482810864,1,6
15732987,0.0,0.0,1.0,0.3,0.4173281849362387,0.0,0,0,0.2273733275032531,0,7
15663161,0.0,1.0,0.0,0.5,0.6727186807671085,0.0,0,0,0.2383074804109355,1,6
15617877,1.0,0.0,0.0,0.0,0.0,0.3333333333333333,1,1,0.4051857352144333,0,7
15727467,1.0,0.0,0.0,0.3,0.0,0.3333333333333333,1,0,0.7070148486377025,0,7
15603942,0.0,1.0,0.0,0.3,0.3820411113544526,0.6666666666666667,0,1,0.8886693739471787,1,6
15695679,0.0,0.0,1.0,0.2,0.4904141965671294,0.0,0,0,0.396992927783093,0,7
15713463,0.0,1.0,0.0,0.2,0.6527033314503083,0.0,1,0,0.6493946954444549,1,6
15785170,0.0,1.0,0.0,0.0,0.5497222459819662,0.0,0,0,0.8753949980254165,0,7
15589715,1.0,0.0,0.0,0.5,0.0,0.0,1,0,0.247105399718909,1,7
15768151,0.0,1.0,0.0,0.3,0.5124219962383364,0.0,0,1,0.7768664593508302,1,7
15709183,1.0,0.0,0.0,0.3,0.4810025651124033,0.0,1,1,0.57300431315498,0,7
15654456,0.0,1.0,0.0,0.6000000000000001,0.7036720867081306,0.0,0,0,0.4410579443542301,1,6
15671249,1.0,0.0,0.0,0.2,0.0,0.3333333333333333,1,0,0.5128618178409562,0,7
15749381,1.0,0.0,0.0,0.2,0.5950763283080691,0.0,1,0,0.9911512835243166,0,7
15806901,1.0,0.0,0.0,0.2,0.5296016697199243,0.0,1,1,0.6384499326849946,0,7
15807837,1.0,0.0,0.0,0.6000000000000001,0.5052195196688382,0.0,1,1,0.9381412610679648,0,7
15635893,1.0,0.0,0.0,0.8,0.0,0.3333333333333333,1,1,0.792571242026784,0,7
15594041,0.0,0.0,1.0,0.2,0.6520167009590268,0.0,1,0,0.4496302541725119,0,6
15574072,1.0,0.0,0.0,0.8,0.0,0.0,1,1,0.8283914528835751,0,7
15618566,1.0,0.0,0.0,0.7000000000000001,0.0,0.3333333333333333,1,1,0.6653399514118835,0,7
15737977,1.0,0.0,0.0,0.6000000000000001,0.0,0.3333333333333333,0,1,0.4833507653531687,0,7
15681327,1.0,0.0,0.0,0.9,0.0,0.3333333333333333,1,1,0.0093848643157604,0,7
15660735,0.0,0.0,1.0,0.6000000000000001,0.0,0.3333333333333333,1,0,0.941869673084943,0,6
15643967,1.0,0.0,0.0,0.4,0.4333552027416341,0.0,0,1,0.988525945766942,1,7
15578251,1.0,0.0,0.0,0.2,0.8757850663272834,0.3333333333333333,1,0,0.4635881647904161,0,7
15628219,0.0,1.0,0.0,0.3,0.525954397583963,0.0,1,1,0.5514194705493786,1,6
15588622,0.0,1.0,0.0,0.7000000000000001,0.5093600754212602,0.0,1,1,0.3945051177270655,0,6
15600626,1.0,0.0,0.0,0.6000000000000001,0.0,0.3333333333333333,1,1,0.0441058544911877,0,7
15576928,1.0,0.0,0.0,0.2,0.0,0.0,1,0,0.6145005444805774,0,7
15815628,1.0,0.0,0.0,0.8,0.5352988229057299,0.0,0,0,0.4005569871904557,0,7
15565806,1.0,0.0,0.0,0.9,0.0,0.3333333333333333,0,0,0.1521700975440745,0,6
15815530,1.0,0.0,0.0,1.0,0.3548178807791399,0.0,0,0,0.7482177075523477,0,7
15684103,1.0,0.0,0.0,1.0,0.0,0.3333333333333333,1,1,0.6918669830871456,0,6
15660147,0.0,0.0,1.0,0.8,0.216945062981076,0.0,1,1,0.3973650232923781,0,6
15696514,0.0,1.0,0.0,0.6000000000000001,0.4907177051032483,0.0,1,0,0.9601306793423032,0,6
15712303,1.0,0.0,0.0,0.4,0.7506972988774224,0.0,1,1,0.5905981999585715,0,7
15661936,1.0,0.0,0.0,0.3,0.6626828312298909,0.0,1,0,0.5247385960233375,0,7
15813422,0.0,0.0,1.0,0.4,0.3796946303709684,0.0,1,0,0.5817968274441232,0,6
15713596,1.0,0.0,0.0,0.1,0.5063297367869452,0.0,0,1,0.2912883758213689,0,7
15763704,0.0,1.0,0.0,0.2,0.3243494399332262,0.3333333333333333,0,0,0.8229803784303915,0,7
15630661,0.0,0.0,1.0,1.0,0.3534773769117324,0.0,1,0,0.2942074363149903,0,6
15751593,0.0,1.0,0.0,0.6000000000000001,0.4026192062908699,0.0,1,0,0.527225405149952,0,6
15802060,0.0,1.0,0.0,1.0,0.4725515583833305,0.3333333333333333,0,0,0.6846636444270326,0,7
15742834,1.0,0.0,0.0,0.1,0.0,0.0,1,1,0.0537005636583849,0,7
15729958,1.0,0.0,0.0,0.1,0.0,0.0,1,1,0.6338862450728624,0,7
15812706,0.0,0.0,1.0,0.4,0.5220812094472084,0.0,0,1,0.7331911046001766,0,7
15795129,1.0,0.0,0.0,0.9,0.0,0.3333333333333333,1,0,0.68388387036783,0,6
15650545,1.0,0.0,0.0,0.7000000000000001,0.3383621536416794,0.0,1,1,0.6950841704064309,0,7
15653251,1.0,0.0,0.0,0.8,0.4129811700634745,0.0,0,0,0.9424067217614917,1,7
15755077,0.0,1.0,0.0,0.0,0.4963747695957574,0.3333333333333333,1,1,0.6682286336978202,1,6
15761453,1.0,0.0,0.0,0.6000000000000001,0.0,0.0,1,0,0.4439715497825506,0,7
15801218,1.0,0.0,0.0,0.8,0.6350903898989652,0.0,0,1,0.8975486688164295,1,7
15642655,0.0,0.0,1.0,0.1,0.0,0.0,1,0,0.6533505186240685,0,6
15741875,0.0,0.0,1.0,0.3,0.4926904635907249,0.0,0,0,0.3589988984271345,0,7
15599410,1.0,0.0,0.0,0.2,0.0,0.3333333333333333,1,0,0.8409887000574383,0,7
15573599,1.0,0.0,0.0,0.6000000000000001,0.0,0.3333333333333333,0,1,0.972117309527762,1,6
15582762,0.0,0.0,1.0,0.2,0.0,0.0,1,1,0.1727840886655303,0,6
15771855,1.0,0.0,0.0,0.5,0.0,0.3333333333333333,0,1,0.5624046708571243,0,7
15634968,0.0,1.0,0.0,0.6000000000000001,0.5202086961916211,0.0,1,1,0.3550439260375221,1,6
15629846,0.0,1.0,0.0,0.8,0.6720683791854616,0.3333333333333333,1,0,0.5445021474690324,0,6
15610900,1.0,0.0,0.0,0.9,0.5204428367191751,0.0,1,0,0.1125474058937426,1,7
15576185,1.0,0.0,0.0,0.2,0.0,0.3333333333333333,1,1,0.2076609235505628,0,7
15714006,1.0,0.0,0.0,0.2,0.625589134601195,0.0,0,1,0.3992695417329761,0,7
15662578,0.0,1.0,0.0,0.1,0.5181222982429591,0.0,1,1,0.8913922022293801,0,7
15601796,1.0,0.0,0.0,0.1,0.5909405192825203,0.0,1,1,0.9672133059152076,0,7
15626474,1.0,0.0,0.0,0.1,0.0,0.3333333333333333,1,0,0.0231417883075329,0,7
15578096,1.0,0.0,0.0,0.7000000000000001,0.5000406526608459,0.0,0,0,0.5174056370042402,0,7
15655341,0.0,0.0,1.0,0.5,0.7824696326973345,0.0,1,0,0.676175612865326,0,6
15651264,0.0,1.0,0.0,0.4,0.5847685054201981,0.0,0,0,0.5923865605407902,1,7
15790267,1.0,0.0,0.0,0.7000000000000001,0.6639198470520006,0.0,0,1,0.8869200496120673,0,7
15720713,1.0,0.0,0.0,1.0,0.0,0.3333333333333333,1,1,0.9989149424698304,0,6
15602797,0.0,0.0,1.0,0.5,0.5175932026871173,0.6666666666666667,0,1,0.9384299791571464,1,6
15778154,0.0,1.0,0.0,0.4,0.5744371838844392,0.0,0,1,0.0702631428412852,1,6
15677804,0.0,0.0,1.0,0.1,0.0,0.6666666666666667,1,1,0.4003735168290516,1,6
15697597,1.0,0.0,0.0,0.1,0.7009393349506667,0.0,0,1,0.6181728043574861,0,7
15605666,1.0,0.0,0.0,0.6000000000000001,0.5203417455359618,0.0,1,1,0.0461441471478341,0,7
15808960,0.0,1.0,0.0,0.5,0.5084971580735244,0.3333333333333333,1,0,0.2479509848870168,0,6
15620123,1.0,0.0,0.0,0.6000000000000001,0.522468514161695,0.0,0,0,0.0473600261522837,0,7
15753847,0.0,0.0,1.0,0.4,0.0,0.0,0,1,0.8745053219166657,1,7
15618255,0.0,1.0,0.0,0.6000000000000001,0.4852229222730523,0.3333333333333333,1,0,0.715021583291165,1,6
15751120,1.0,0.0,0.0,0.2,0.5635561349799932,0.0,1,0,0.6214607073398004,0,7
15599004,0.0,0.0,1.0,0.1,0.0,0.0,1,1,0.5298058512231533,0,6
15743871,1.0,0.0,0.0,0.3,0.0,0.3333333333333333,1,0,0.1284468192940555,1,6
15774133,1.0,0.0,0.0,0.8,0.836704747008857,0.0,0,1,0.2102126429496108,0,7
15739168,1.0,0.0,0.0,0.5,0.6457959039036894,0.0,0,1,0.8091352725573332,0,7
15633546,0.0,0.0,1.0,0.3,0.5866790394880678,0.0,1,0,0.9794037753756252,0,7
15610781,1.0,0.0,0.0,1.0,0.4153555204433536,0.0,1,0,0.4422711208492645,0,7
15813894,0.0,0.0,1.0,0.9,0.0,0.3333333333333333,0,0,0.7742419223369861,0,7
15627665,1.0,0.0,0.0,0.4,0.0,0.0,1,0,0.3713517186383416,1,7
15779414,0.0,0.0,1.0,0.3,0.7220622695370107,0.0,1,1,0.6915095511937609,0,7
15737071,1.0,0.0,0.0,0.5,0.7615431468073326,0.0,1,1,0.4213088563385532,1,7
15645496,1.0,0.0,0.0,0.7000000000000001,0.6578313943815671,0.0,1,0,0.7181187591738308,0,7
15640769,1.0,0.0,0.0,0.8,0.6478179155571387,0.0,1,1,0.2132585211998601,0,7
15648461,0.0,0.0,1.0,0.7000000000000001,0.6493259647839863,0.3333333333333333,1,1,0.5692691949109345,0,6
15725639,1.0,0.0,0.0,0.9,0.5464409417882095,0.0,1,1,0.9211806623039824,0,7
15771966,1.0,0.0,0.0,0.8,0.6871005112365834,0.0,1,0,0.8896583422536998,0,7
15767391,0.0,1.0,0.0,0.4,0.4244936276366657,0.3333333333333333,0,1,0.5933618661608236,0,7
15634143,0.0,0.0,1.0,0.0,0.2504573306851923,0.0,0,0,0.9829331525788272,0,7
15609676,1.0,0.0,0.0,0.2,0.7892018543253021,0.0,1,0,0.2144313602395504,0,7
15750458,1.0,0.0,0.0,0.4,0.0,0.3333333333333333,0,1,0.7114265951649404,0,7
15760880,1.0,0.0,0.0,1.0,0.0,0.3333333333333333,0,1,0.1268006407349544,0,6
15772030,0.0,0.0,1.0,0.3,0.0,0.3333333333333333,0,1,0.3397486736309,0,6
15647008,0.0,1.0,0.0,0.3,0.548581668610788,0.0,1,0,0.5521122137961204,1,6
15625545,0.0,0.0,1.0,0.9,0.0,0.0,1,1,0.5895437208219693,1,6
15737571,0.0,0.0,1.0,0.6000000000000001,0.3953461397831168,0.0,0,1,0.4029759333028683,0,7
15684147,1.0,0.0,0.0,0.5,0.4809618184569659,0.0,1,1,0.3977264589034147,0,7
15698732,0.0,1.0,0.0,0.3,0.4919540159659212,0.0,1,0,0.3707802379899856,0,6
15762048,0.0,1.0,0.0,0.7000000000000001,0.7283161056912785,0.3333333333333333,1,1,0.4970993816308133,0,6
15569098,1.0,0.0,0.0,0.6000000000000001,0.7216346411427486,0.0,0,0,0.175772663706885,1,7
15690796,1.0,0.0,0.0,0.8,0.0,0.0,1,0,0.5087543538552723,0,7
15748481,1.0,0.0,0.0,0.6000000000000001,0.0,0.0,0,0,0.0382433608727383,0,7
15677785,0.0,0.0,1.0,0.5,0.6436896260989141,0.0,1,0,0.6688014656008837,0,6
15796910,0.0,0.0,1.0,0.7000000000000001,0.0,0.0,0,0,0.4200299187810841,1,7
15707674,1.0,0.0,0.0,0.2,0.619672551041413,0.0,1,0,0.4066700634874512,1,7
15621227,0.0,1.0,0.0,0.7000000000000001,0.7604448670023526,0.0,1,1,0.8651733567203828,0,6
15732774,1.0,0.0,0.0,0.7000000000000001,0.5277389319018583,0.0,1,0,0.7656098069862771,0,7
15628558,1.0,0.0,0.0,0.5,0.4191633823389801,0.0,1,1,0.3764998489347284,0,7
15718852,1.0,0.0,0.0,0.9,0.4556444692172412,0.0,1,1,0.358325573211005,0,7
15588090,0.0,1.0,0.0,0.8,0.5051967729776828,0.3333333333333333,1,0,0.7044527195727593,1,6
15735270,0.0,0.0,1.0,0.2,0.0,0.0,1,0,0.2401379300749711,1,6
15609299,1.0,0.0,0.0,0.6000000000000001,0.7081824641810109,0.0,1,0,0.4383713997632502,0,7
15599869,0.0,0.0,1.0,0.1,0.0,0.0,1,1,0.4147752895951536,0,6
15578462,0.0,0.0,1.0,0.9,0.6307424820775812,0.0,1,1,0.0664479001977286,0,7
15804787,1.0,0.0,0.0,0.5,0.4095384301587286,0.0,1,1,0.196049291569687,0,7
15623478,0.0,1.0,0.0,0.4,0.4838591547442359,0.3333333333333333,0,1,0.6744475582802412,0,7
15797910,0.0,1.0,0.0,0.2,0.581747801231517,0.0,1,1,0.6742429683082226,0,7
15665861,0.0,0.0,1.0,0.3,0.4985044990511245,0.0,0,1,0.5076675947451005,0,7
15582276,1.0,0.0,0.0,0.5,0.6274202902364997,0.0,0,1,0.7780467052681769,0,7
15592194,1.0,0.0,0.0,0.9,0.0,0.3333333333333333,1,0,0.479339590777016,0,6
15803685,0.0,1.0,0.0,1.0,0.3595787538385041,0.3333333333333333,0,1,0.2973634668471409,0,7
15577970,1.0,0.0,0.0,0.5,0.0,0.0,0,0,0.2170135078927538,0,7
15789714,0.0,0.0,1.0,0.3,0.4840765642344939,0.0,1,1,0.5228374306962731,0,6
15645271,0.0,1.0,0.0,0.8,0.5100525805745137,0.3333333333333333,0,0,0.8973843662532845,1,6
15579387,0.0,1.0,0.0,0.2,0.3715834140903532,0.3333333333333333,0,1,0.5660934460693477,0,7
15801934,1.0,0.0,0.0,0.8,0.0,0.3333333333333333,1,1,0.2349123278420177,0,7
15727408,0.0,1.0,0.0,0.8,0.2899197850155701,0.3333333333333333,1,0,0.7350874154195879,0,6
15616555,0.0,1.0,0.0,0.8,0.286122732497972,0.0,1,0,0.1583853186876674,0,6
15800784,1.0,0.0,0.0,0.4,0.4619748639663273,0.0,1,1,0.0024916636342675,0,7
15715796,1.0,0.0,0.0,0.0,0.0,0.3333333333333333,1,1,0.3604627576936565,0,7
15616859,0.0,1.0,0.0,0.2,0.5340842717910012,1.0,1,0,0.5752249251042055,1,6
15617655,0.0,0.0,1.0,0.9,0.0,0.3333333333333333,1,1,0.5287869551271833,0,6
15691871,0.0,1.0,0.0,0.9,0.7203716828133709,0.0,1,1,0.7564962946343827,0,6
15787014,0.0,1.0,0.0,0.8,0.4247196846293463,0.0,1,1,0.7340493014788882,0,6
15805523,1.0,0.0,0.0,0.1,0.4255001687202918,0.0,0,1,0.3734607770044875,0,7
15628279,1.0,0.0,0.0,0.3,0.0,0.3333333333333333,1,1,0.8182030424350532,0,7
15743617,0.0,1.0,0.0,0.1,0.4511504468032908,0.0,1,0,0.9876723031170594,0,6
15585839,1.0,0.0,0.0,0.2,0.0,0.3333333333333333,1,0,0.9112460375081284,0,7
15595391,1.0,0.0,0.0,0.1,0.0,0.3333333333333333,1,0,0.0059919137915511,0,7
15683524,0.0,1.0,0.0,0.6000000000000001,0.7804863468156041,0.3333333333333333,0,0,0.4520023567883959,0,7
15595136,1.0,0.0,0.0,0.1,0.0,0.3333333333333333,1,1,0.3443665615707465,0,7
15660646,1.0,0.0,0.0,0.3,0.7363869982921182,0.0,1,0,0.9966383285199472,0,7
15761654,0.0,0.0,1.0,0.8,0.630479485210421,0.0,1,1,0.7389073624313857,0,7
15593900,1.0,0.0,0.0,0.1,0.8903342541670152,0.0,0,1,0.5328467248263375,0,7
15802617,0.0,1.0,0.0,0.7000000000000001,0.54221691883849,0.3333333333333333,1,0,0.3201017805082909,0,6
15635034,0.0,1.0,0.0,0.9,0.4755742364584341,0.0,1,1,0.1720255343098834,1,6
15673372,1.0,0.0,0.0,0.1,0.0,0.0,1,1,0.293917366971101,1,7
15763613,1.0,0.0,0.0,0.1,0.0,0.3333333333333333,1,0,0.997355544490837,0,7
15624866,0.0,1.0,0.0,0.3,0.793012348069492,0.3333333333333333,0,0,0.3512864370210959,0,7
15668248,0.0,1.0,0.0,0.7000000000000001,0.626009478414612,0.0,0,0,0.842429688086873,1,7
15580682,1.0,0.0,0.0,0.4,0.3756369778482946,0.3333333333333333,1,1,0.1668870129358615,0,7
15756926,0.0,1.0,0.0,0.1,0.4533464894429974,0.3333333333333333,0,1,0.2442667639036227,0,7
15699195,1.0,0.0,0.0,0.3,0.5214322237898431,0.0,1,1,0.8424693749380987,0,7
15710543,1.0,0.0,0.0,0.1,0.6140958049273844,0.0,1,1,0.8054853334063345,1,7
15672594,1.0,0.0,0.0,0.0,0.6193213402500819,0.0,0,0,0.0526756119394664,1,7
15654489,1.0,0.0,0.0,0.8,0.6339349143850262,0.0,1,1,0.0531786290159727,0,7
15656293,1.0,0.0,0.0,0.3,0.0,0.3333333333333333,1,0,0.4631039151404036,0,7
15729582,0.0,1.0,0.0,0.3,0.379256145601382,0.0,0,0,0.5065687243890314,0,7
15742971,1.0,0.0,0.0,0.2,0.7608289289034308,0.3333333333333333,1,0,0.4238537694175927,0,7
15736963,1.0,0.0,0.0,0.1,0.0,0.3333333333333333,1,1,0.731684956065955,0,7
15685653,0.0,1.0,0.0,0.3,0.7625828679817763,0.3333333333333333,1,0,0.6848875523367223,0,6
15788556,1.0,0.0,0.0,0.4,0.6968944186951482,0.0,1,1,0.2227790614975535,1,7
15615140,1.0,0.0,0.0,0.6000000000000001,0.5224640964158922,0.0,1,1,0.94984057446542,0,7
15774536,1.0,0.0,0.0,0.6000000000000001,0.0,0.3333333333333333,0,0,0.9803293848503029,0,6
15618661,1.0,0.0,0.0,0.6000000000000001,0.4878552878067395,0.0,1,1,0.6282450569476288,0,7
15740072,1.0,0.0,0.0,0.2,0.5655131963706808,0.3333333333333333,1,1,0.6921027520103792,0,7
15755863,0.0,0.0,1.0,0.1,0.0,0.3333333333333333,0,1,0.8141564850041506,0,6
15640421,1.0,0.0,0.0,0.7000000000000001,0.0,0.0,1,1,0.0,0,7
15729224,1.0,0.0,0.0,0.5,0.0,0.3333333333333333,1,0,0.5766610586259872,0,7
15679810,1.0,0.0,0.0,0.6000000000000001,0.0,0.3333333333333333,1,0,0.802518628672654,0,7
15582841,1.0,0.0,0.0,0.8,0.0,0.3333333333333333,0,1,0.1730068455063949,0,6
15655875,1.0,0.0,0.0,0.3,0.0,0.3333333333333333,1,0,0.6619072139435073,0,7
15805704,1.0,0.0,0.0,0.2,0.0,1.0,0,1,0.8984689733652184,1,6
15726153,1.0,0.0,0.0,0.5,0.4993964137303538,0.0,1,1,0.0120123540713729,0,7
15668270,0.0,1.0,0.0,0.5,0.5902116382223366,0.3333333333333333,1,1,0.2085639120205066,1,6
15593094,1.0,0.0,0.0,0.9,0.0,0.0,1,0,0.713174468152403,1,7
15574071,0.0,1.0,0.0,0.2,0.4384940280536257,0.3333333333333333,0,1,0.6356344683856194,0,7
15579433,0.0,0.0,1.0,0.8,0.4543442420323134,0.3333333333333333,0,0,0.960604319140538,0,7
15636872,1.0,0.0,0.0,0.8,0.6800784572855677,0.3333333333333333,0,0,0.8573179125476962,0,7
15589435,1.0,0.0,0.0,0.7000000000000001,0.0,0.3333333333333333,1,1,0.7157957521456548,0,7
15722122,1.0,0.0,0.0,0.7000000000000001,0.0,0.0,0,1,0.8052413568619142,0,7
15634936,1.0,0.0,0.0,0.7000000000000001,0.8455001499213735,0.0,1,1,0.6856504607353159,0,7
15790282,0.0,1.0,0.0,0.3,0.5373087562541651,0.3333333333333333,1,1,0.2134628108930547,0,7
15792986,0.0,1.0,0.0,0.1,0.6288791802919659,0.0,1,0,0.0851178361667726,1,6
15612524,0.0,1.0,0.0,0.2,0.600820572784242,0.0,1,0,0.8617262559149298,0,6
15585580,0.0,1.0,0.0,0.9,0.7857682788932323,0.0,1,1,0.313444749121797,1,6
15583480,1.0,0.0,0.0,0.4,0.0,0.3333333333333333,0,1,0.7348280245622072,0,7
15598695,0.0,1.0,0.0,0.9,0.6117603683084075,0.3333333333333333,0,1,0.4651019203881764,0,7
15768359,1.0,0.0,0.0,0.4,0.564145951041977,0.0,1,0,0.1806564985917673,0,7
15719508,0.0,1.0,0.0,0.7000000000000001,0.5696314284076093,1.0,1,1,0.8402919530930446,1,6
15673223,1.0,0.0,0.0,1.0,0.0,0.3333333333333333,0,0,0.8213109783089086,0,6
15761168,1.0,0.0,0.0,0.4,0.807948699631823,0.0,1,0,0.2584533868923989,1,7
15627741,0.0,1.0,0.0,0.2,0.455232349930585,0.3333333333333333,1,1,0.1573218812328187,0,7
15712121,0.0,0.0,1.0,0.5,0.728382794853984,0.0,1,0,0.1379271722758167,0,6
15734005,1.0,0.0,0.0,0.1,0.0,0.3333333333333333,1,0,0.2837005801737203,0,7
15720676,1.0,0.0,0.0,0.7000000000000001,0.0,0.3333333333333333,1,0,0.0843915117382245,0,7
15687372,0.0,1.0,0.0,0.8,0.5711943704759228,0.3333333333333333,1,0,0.2319316601430258,1,6
15742442,0.0,0.0,1.0,0.5,0.4199909107229969,0.0,0,1,0.6955656675005576,0,7
15616152,1.0,0.0,0.0,0.1,0.8718640819407251,0.0,1,0,0.1364298819669003,0,7
15668142,1.0,0.0,0.0,0.3,0.3647387749308904,0.3333333333333333,1,1,0.8767904938130301,0,7
15612140,0.0,0.0,1.0,0.7000000000000001,0.6482496327161335,0.0,1,1,0.3393069634809402,0,6
15668104,0.0,0.0,1.0,0.6000000000000001,0.5566074908049791,0.0,0,1,0.8001565353509,0,7
15670584,0.0,0.0,1.0,0.2,0.0,0.0,1,1,0.8540091902335913,1,6
15751185,0.0,0.0,1.0,0.0,0.7455350689121346,0.0,1,0,0.9689381074797002,0,7
15763922,1.0,0.0,0.0,0.7000000000000001,0.3758041002320726,0.3333333333333333,1,0,0.3038998361928969,0,7
15623695,1.0,0.0,0.0,0.4,0.0,0.3333333333333333,1,1,0.7099140907289464,0,7
15677146,1.0,0.0,0.0,0.4,0.6685061721548542,0.3333333333333333,1,0,0.1646344713383612,0,7
15691910,0.0,0.0,1.0,0.4,0.0,0.6666666666666667,1,0,0.5064345498012179,0,6
15681075,1.0,0.0,0.0,0.1,0.0,0.0,1,1,0.0026440050909271,0,7
15632826,1.0,0.0,0.0,0.3,0.6297955805622943,0.0,1,0,0.4474160982180004,0,7
15783349,0.0,0.0,1.0,0.1,0.5227654430764053,0.0,1,1,0.6196601854652137,0,6
15702190,0.0,0.0,1.0,0.5,0.0,0.3333333333333333,1,1,0.3219855296635691,0,6
15694129,0.0,1.0,0.0,0.3,0.4701257929618729,0.0,1,0,0.0249282471238668,1,6
15728706,1.0,0.0,0.0,0.7000000000000001,0.0,0.0,1,0,0.0670036662543004,1,7
15780386,0.0,0.0,1.0,0.5,0.4966844817749186,0.0,1,0,0.8680004818474194,0,7
15708046,0.0,0.0,1.0,0.0,0.5524589925095709,0.0,1,0,0.7946414142852345,0,7
15680234,0.0,1.0,0.0,0.2,0.6487137780092133,0.0,1,0,0.8314696611538644,0,6
15596649,1.0,0.0,0.0,0.8,0.0,0.0,1,0,0.6870098229711199,0,7
15733966,0.0,1.0,0.0,0.4,0.588841009088337,0.0,1,1,0.1569195576552607,1,6
15675749,1.0,0.0,0.0,0.1,0.0,0.3333333333333333,1,1,0.7085485727772524,0,7
15796958,1.0,0.0,0.0,0.7000000000000001,0.0,0.3333333333333333,1,0,0.2412250395104374,0,7
15774104,0.0,0.0,1.0,0.2,0.0,0.3333333333333333,1,1,0.2402818637245614,0,6
15745326,1.0,0.0,0.0,0.3,0.3527217073929566,0.0,0,0,0.0876004914363232,1,7
15674541,0.0,0.0,1.0,0.8,0.582415068836939,0.0,0,0,0.5563389385213641,1,7
15728564,1.0,0.0,0.0,0.6000000000000001,0.0,0.3333333333333333,0,1,0.6705221133083125,1,6
15663883,0.0,1.0,0.0,0.9,0.6665500977073777,0.3333333333333333,1,1,0.7470964163774273,0,6
15586425,1.0,0.0,0.0,0.4,0.0,0.3333333333333333,1,1,0.8845588571267851,0,7
15710012,0.0,0.0,1.0,0.2,0.0,0.3333333333333333,1,0,0.2144022331936319,1,6
15763327,1.0,0.0,0.0,0.8,0.5874346620095479,0.3333333333333333,1,1,0.1369765395658138,0,7
15733169,0.0,0.0,1.0,0.7000000000000001,0.588714492368109,0.0,1,1,0.8061229754888901,0,7
15638803,0.0,0.0,1.0,0.5,0.0,0.3333333333333333,1,0,0.6578455925249391,0,6
15785547,1.0,0.0,0.0,0.8,0.8995414943824132,0.3333333333333333,1,0,0.4156870361974611,0,7
15668894,0.0,1.0,0.0,0.5,0.5759635150593434,0.3333333333333333,0,1,0.602900873606187,0,7
15581237,0.0,0.0,1.0,0.1,0.755612652048001,0.0,1,1,0.747483876153202,0,7
15703778,1.0,0.0,0.0,0.8,0.6105307310617346,0.0,0,1,0.1796957064482225,0,7
15625584,1.0,0.0,0.0,0.2,0.5660937069681009,0.3333333333333333,0,0,0.3974924416066538,0,7
15802466,1.0,0.0,0.0,0.7000000000000001,0.0,0.3333333333333333,1,1,0.4025787144653168,0,7
15693543,1.0,0.0,0.0,0.8,0.0,0.3333333333333333,0,1,0.0754132249500273,0,6
15649414,1.0,0.0,0.0,0.6000000000000001,0.6678567165245312,0.0,1,1,0.225388534523732,0,7
15625586,1.0,0.0,0.0,0.4,0.0,0.0,1,1,0.8377522448469527,0,7
15654975,1.0,0.0,0.0,0.0,0.5819934560965362,0.3333333333333333,0,1,0.8004055165423855,0,7
15687094,0.0,1.0,0.0,0.9,0.3877189486516945,0.3333333333333333,0,0,0.2014844884217239,0,7
15806709,0.0,1.0,0.0,0.6000000000000001,0.4423698950362395,0.0,0,0,0.4681345363237034,0,7
15615004,1.0,0.0,0.0,0.1,0.0,0.3333333333333333,1,1,0.6215093024628019,0,7
15658432,1.0,0.0,0.0,0.6000000000000001,0.0,0.0,1,1,0.2387629533403241,0,7
15804721,1.0,0.0,0.0,0.0,0.9014491616152406,0.0,0,0,0.4877629622986424,0,7
15807524,1.0,0.0,0.0,0.4,0.0,0.3333333333333333,0,0,0.6717066632221349,0,7
15601503,0.0,0.0,1.0,0.4,0.0,0.3333333333333333,0,0,0.0338759555184967,0,6
15782096,0.0,0.0,1.0,0.6000000000000001,0.0,0.0,1,1,0.063749844918499,1,6
15783522,0.0,0.0,1.0,0.8,0.472632722713135,0.0,1,1,0.6437060632650448,0,6
15600174,1.0,0.0,0.0,0.7000000000000001,0.7771415022779588,0.0,0,1,0.4732411780959209,0,7
15662662,1.0,0.0,0.0,0.6000000000000001,0.0,0.3333333333333333,1,0,0.3303668621498493,0,7
15590683,1.0,0.0,0.0,0.6000000000000001,0.8098840482718624,0.0,0,1,0.2265112770463013,0,7
15621063,1.0,0.0,0.0,0.8,0.2642575696194441,0.0,1,0,0.2336135718821711,0,7
15800746,1.0,0.0,0.0,0.7000000000000001,0.6809399647144302,0.0,1,1,0.5125444731705625,1,7
15583392,0.0,1.0,0.0,0.9,0.6381121750254489,0.6666666666666667,1,0,0.4268576586789663,1,6
15785350,0.0,0.0,1.0,0.7000000000000001,0.4922726576312798,0.0,1,0,0.8512142950336535,0,6
15795186,1.0,0.0,0.0,0.5,0.0,0.0,1,0,0.5781468882931246,0,7
15694125,1.0,0.0,0.0,0.5,0.0,0.3333333333333333,1,1,0.2837513272949597,0,7
15775206,1.0,0.0,0.0,1.0,0.0,0.3333333333333333,0,0,0.4158103507011435,0,6
15763515,1.0,0.0,0.0,0.5,0.0,0.3333333333333333,1,0,0.812481779956779,0,7
15717231,0.0,1.0,0.0,0.4,0.4627334943147371,0.0,0,0,0.4536385760998375,0,7
15771270,1.0,0.0,0.0,0.8,0.5990818608297278,0.0,1,1,0.7643990827683045,1,7
15617419,0.0,1.0,0.0,1.0,0.4714538425458999,0.3333333333333333,1,1,0.161892575350842,0,6
15813327,1.0,0.0,0.0,0.4,0.5128860005395289,0.3333333333333333,1,1,0.2803292997713026,0,7
15654300,0.0,1.0,0.0,0.9,0.3536183687990592,0.0,0,1,0.5080541536844037,0,7
15569666,1.0,0.0,0.0,0.4,0.0,0.0,0,0,0.8632824509198015,1,7
15758510,1.0,0.0,0.0,0.6000000000000001,0.0,0.3333333333333333,0,0,0.7622729585556669,0,6
15705301,1.0,0.0,0.0,0.6000000000000001,0.4497477655135723,0.3333333333333333,1,1,0.9217956833818044,0,7
15706036,0.0,1.0,0.0,1.0,0.6216384949210021,0.3333333333333333,1,1,0.2321346986744541,0,6
15691287,0.0,1.0,0.0,0.0,0.6664980247036585,0.0,1,0,0.3234846716918995,1,6
15669219,0.0,1.0,0.0,0.3,0.4904467656931019,0.0,1,0,0.4720414641014915,0,6
15709604,1.0,0.0,0.0,0.2,0.5049083035762122,0.0,1,0,0.8691321326417645,0,7
15712930,1.0,0.0,0.0,0.1,0.0,0.0,0,0,0.6147143930496662,0,7
15677317,1.0,0.0,0.0,0.4,0.719246755541686,0.0,1,1,0.6565365269921386,1,7
15639530,0.0,0.0,1.0,0.2,0.0,0.0,1,1,0.8413616463567245,0,6
15725665,1.0,0.0,0.0,1.0,0.9331129786792068,0.3333333333333333,1,0,0.9559913357548152,1,6
15591036,0.0,1.0,0.0,0.3,0.6012856110259415,0.0,0,0,0.6253933590035027,1,7
15695078,1.0,0.0,0.0,0.3,0.0,0.3333333333333333,1,1,0.8537540032797455,0,7
15749300,1.0,0.0,0.0,0.2,0.6575592330417307,0.0,1,1,0.25129729210058,0,7
15791958,1.0,0.0,0.0,0.6000000000000001,0.0,0.3333333333333333,1,1,0.8459120716541345,1,6
15695339,0.0,1.0,0.0,0.0,0.5130830132034202,0.0,1,0,0.2727428053318909,1,6
15786680,0.0,0.0,1.0,0.5,0.0,0.3333333333333333,1,0,0.1088541765456314,0,6
15691823,1.0,0.0,0.0,0.5,0.7199778454747713,0.0,1,1,0.8136796422317943,0,7
15712772,1.0,0.0,0.0,0.3,0.354271020245495,0.0,1,1,0.998674969643062,0,7
15697045,0.0,0.0,1.0,0.9,0.0,0.3333333333333333,0,1,0.5023604167649871,0,7
15579891,1.0,0.0,0.0,0.4,0.4735243554085897,0.0,1,1,0.933852428672644,0,7
15718843,0.0,0.0,1.0,0.1,0.3407769686932214,0.0,1,0,0.1278464117856635,0,6
15790247,0.0,0.0,1.0,0.9,0.0,0.3333333333333333,1,1,0.0589589463296143,0,6
15623220,0.0,0.0,1.0,0.4,0.0,0.3333333333333333,1,0,0.1853531096299469,0,6
15580249,1.0,0.0,0.0,0.0,0.0,0.0,0,0,0.4228177073821897,0,7
15803908,1.0,0.0,0.0,0.9,0.0,0.3333333333333333,1,1,0.4838711485549907,0,7
15711316,1.0,0.0,0.0,0.2,0.0,0.3333333333333333,1,1,0.9976721384641708,0,7
15738785,1.0,0.0,0.0,0.7000000000000001,0.0,0.3333333333333333,0,1,0.7828270940982249,0,6
15741652,0.0,0.0,1.0,0.8,0.834941502465948,0.0,1,1,0.3851783073172595,0,7
15615050,0.0,1.0,0.0,0.9,0.5071757351082018,0.3333333333333333,1,1,0.316663988346379,1,6
15626044,0.0,1.0,0.0,0.3,0.5881985560550845,0.3333333333333333,1,1,0.529721022455401,0,7
15577402,1.0,0.0,0.0,0.9,0.0,0.3333333333333333,0,1,0.1016642503396528,0,6
15656100,1.0,0.0,0.0,0.5,0.789379269116855,0.0,0,0,0.70076579607995,0,7
15636423,1.0,0.0,0.0,0.7000000000000001,0.0,0.0,1,1,0.7065606769165508,0,7
15643359,0.0,0.0,1.0,0.7000000000000001,0.0,0.0,0,1,0.3948888240175415,0,7
15666430,1.0,0.0,0.0,0.8,0.0,0.3333333333333333,0,0,0.4583530036815685,0,6
15673837,0.0,0.0,1.0,0.3,0.5351062749849372,0.0,1,1,0.1899315109044503,0,6
15759741,0.0,1.0,0.0,0.4,0.7079451748346399,0.0,1,1,0.3608182878211563,0,7
15642726,1.0,0.0,0.0,0.3,0.3927482232672331,0.0,0,0,0.0052914133418585,0,7
15794273,1.0,0.0,0.0,0.0,0.294826490683726,0.0,0,1,0.6244616939058762,0,7
15766458,1.0,0.0,0.0,0.1,0.931081567566602,0.0,1,0,0.3477537067043603,0,7
15800412,0.0,1.0,0.0,0.9,0.6898287512536527,0.3333333333333333,1,1,0.0165062769034186,0,6
15719649,1.0,0.0,0.0,0.3,0.469242995758024,0.0,0,0,0.93955997841796,0,7
15722083,0.0,0.0,1.0,0.8,0.0,0.3333333333333333,0,0,0.211266421435624,0,7
15589017,0.0,1.0,0.0,0.4,0.5233748570107275,0.6666666666666667,1,0,0.0837982608751356,1,6
15702806,0.0,0.0,1.0,0.9,0.0,0.0,0,0,0.0535763983647015,0,7
15661275,0.0,1.0,0.0,0.3,0.520692298365152,0.0,1,0,0.7433231126762755,1,6
15578546,0.0,1.0,0.0,0.4,0.4805527069972393,0.0,1,1,0.729290682863573,0,6
15656921,1.0,0.0,0.0,0.4,0.0,0.3333333333333333,0,0,0.7613073619509395,0,7
15798429,1.0,0.0,0.0,0.8,0.0,0.3333333333333333,1,1,0.5796198560173049,0,7
15648136,0.0,1.0,0.0,0.9,0.71817780204927,0.0,1,0,0.8332956566820121,0,6
15687421,0.0,0.0,1.0,0.9,0.5917868935821432,0.0,1,0,0.8794804415640144,1,6
15615828,1.0,0.0,0.0,0.8,0.5750565612454659,0.0,0,0,0.582127334336298,0,7
15799600,0.0,1.0,0.0,0.1,0.5244866250395952,0.0,0,1,0.6797181022438384,0,7
15661591,0.0,1.0,0.0,0.1,0.6155225018352444,0.3333333333333333,1,1,0.7943055524207003,0,7
15714260,1.0,0.0,0.0,0.2,0.0,0.3333333333333333,0,0,0.8937025475004816,0,7
15588904,1.0,0.0,0.0,0.9,0.0,0.0,1,0,0.5671653413777362,1,7
15810807,1.0,0.0,0.0,0.9,0.0,0.3333333333333333,1,0,0.7623158984274848,0,6
15579040,1.0,0.0,0.0,1.0,0.0,0.3333333333333333,0,0,0.5455368082032571,0,6
15637118,1.0,0.0,0.0,0.4,0.6612548183977492,0.0,1,0,0.5173791123747956,0,7
15791172,0.0,1.0,0.0,0.1,0.1679762776449843,0.0,1,0,0.143191710662936,0,6
15600720,0.0,0.0,1.0,0.8,0.5411488582946936,0.0,1,0,0.9445132277576344,0,7
15668943,1.0,0.0,0.0,0.2,0.0,0.3333333333333333,1,0,0.7157439040020611,0,7
15719170,1.0,0.0,0.0,0.1,0.5289236397337697,0.0,1,1,0.8971181190294247,0,7
15600510,0.0,0.0,1.0,0.6000000000000001,0.5834271086041709,0.3333333333333333,1,0,0.463671342024637,0,6
15722583,0.0,0.0,1.0,0.6000000000000001,0.7405667967865128,0.3333333333333333,1,1,0.5050900013207263,0,6
15815070,0.0,1.0,0.0,0.5,0.6646780074274525,0.3333333333333333,0,0,0.3414698218030352,0,7
15588419,0.0,1.0,0.0,1.0,0.7000832792081142,0.0,1,0,0.3313638879381449,1,6
15693704,1.0,0.0,0.0,0.6000000000000001,0.540228087275858,0.3333333333333333,0,1,0.6785803958265447,0,7
15789313,0.0,1.0,0.0,0.4,0.4537754337615413,0.3333333333333333,1,0,0.7195383773602979,1,6
15773242,1.0,0.0,0.0,0.1,0.0,0.3333333333333333,1,1,0.8437899011126782,0,7
15795429,1.0,0.0,0.0,0.7000000000000001,0.6280158869658639,0.3333333333333333,1,1,0.49241633318618,0,7
15609254,0.0,0.0,1.0,0.9,0.5035057162810851,0.3333333333333333,1,1,0.8025871923374449,0,6
15732299,1.0,0.0,0.0,0.4,0.0,0.6666666666666667,1,1,0.464950129442694,0,7
15572735,0.0,0.0,1.0,0.2,0.0,0.3333333333333333,1,1,0.7683157195613988,0,6
15613180,0.0,1.0,0.0,0.8,0.7206787161466728,0.0,1,1,0.8163464184668674,0,6
15692110,1.0,0.0,0.0,0.7000000000000001,0.0,0.0,1,0,0.9407642966876892,0,7
15645029,0.0,0.0,1.0,0.5,0.0,0.3333333333333333,1,0,0.0425156779327444,0,6
15715199,0.0,0.0,1.0,0.5,0.5960007651159751,0.3333333333333333,0,1,0.5929001874690744,0,7
15751297,1.0,0.0,0.0,0.5,0.0,0.3333333333333333,1,0,0.8069996395152719,0,7
15811036,1.0,0.0,0.0,0.7000000000000001,0.6362010299927341,0.0,0,1,0.7004105161848034,0,7
15662021,0.0,0.0,1.0,0.2,0.0,0.3333333333333333,0,0,1.0000000000000002,0,7
15714380,1.0,0.0,0.0,0.5,0.0,0.3333333333333333,0,0,0.5161133370391077,0,7
15703763,1.0,0.0,0.0,0.7000000000000001,0.4009070008111733,0.0,1,1,0.2897607073047678,0,7
15798709,0.0,0.0,1.0,0.3,0.5127843453887663,0.0,0,1,0.0241011291034289,0,7
15797900,1.0,0.0,0.0,0.9,0.6680539641749014,0.0,0,0,0.1967319254293574,1,7
15724663,0.0,0.0,1.0,0.5,0.0,0.3333333333333333,0,0,0.7860291673833738,0,7
15737169,0.0,0.0,1.0,0.8,0.677882884618819,0.0,1,1,0.9219639396161308,0,7
15722813,0.0,0.0,1.0,0.4,0.5892756400796697,0.0,1,0,0.3408952382734988,0,6
15746333,1.0,0.0,0.0,0.3,0.0,0.6666666666666667,1,0,0.0319135333113562,1,6
15606861,1.0,0.0,0.0,0.8,0.0,0.3333333333333333,1,0,0.1921381098418936,0,7
15579223,0.0,1.0,0.0,0.8,0.5987760964234117,0.0,1,0,0.9647578759256908,0,6
15665784,1.0,0.0,0.0,0.9,0.6059842596656988,0.0,1,0,0.2332602437993799,0,7
15655389,1.0,0.0,0.0,0.1,0.6192501863442776,0.0,1,1,0.2377062221125426,0,7
15587647,0.0,1.0,0.0,0.0,0.5974325377317788,0.0,0,1,0.5943090957108222,1,7
15724838,1.0,0.0,0.0,0.4,0.0,0.0,1,0,0.8516353359912348,0,7
15588933,1.0,0.0,0.0,0.3,0.6864127058129075,0.0,1,1,0.6914746187572471,0,7
15776629,1.0,0.0,0.0,0.4,0.0,0.3333333333333333,0,0,0.9313523572313072,0,7
15718588,1.0,0.0,0.0,0.9,0.0,0.3333333333333333,0,0,0.4897116717728246,0,6
15689955,1.0,0.0,0.0,0.7000000000000001,0.0,0.3333333333333333,1,0,0.88266765104738,0,6
15714874,1.0,0.0,0.0,0.3,0.0,0.3333333333333333,1,1,0.8843473106953462,0,7
15795571,0.0,0.0,1.0,0.0,0.4424962707645801,0.0,0,1,0.6003578622930322,0,7
15601351,1.0,0.0,0.0,0.9,0.6006579151435626,0.0,1,1,0.3647957310760907,0,7
15601627,1.0,0.0,0.0,0.8,0.6963287122458973,0.0,0,0,0.6143064642673954,0,7
15654457,0.0,0.0,1.0,0.2,0.0,0.6666666666666667,1,1,0.8627923458327229,1,6
15657540,1.0,0.0,0.0,0.5,0.7106712059788078,0.3333333333333333,1,0,0.8489193140290416,0,7
15760924,0.0,0.0,1.0,0.2,0.4702661738843546,0.0,0,0,0.6312314299442747,0,7
15710087,0.0,1.0,0.0,0.3,0.5916456667083375,0.6666666666666667,1,0,0.4796219029179545,1,6
15640418,0.0,1.0,0.0,0.4,0.5446879896530753,0.0,1,0,0.7174976824730604,0,6
15773394,1.0,0.0,0.0,0.3,0.0,0.3333333333333333,1,1,0.3991217044586751,0,7
15679928,1.0,0.0,0.0,0.2,0.3952571739022136,0.3333333333333333,0,1,0.5815752717185543,0,7
15807433,1.0,0.0,0.0,0.9,0.0,0.3333333333333333,0,1,0.0562475786891918,0,6
15583394,0.0,1.0,0.0,0.8,0.4993915260115932,0.3333333333333333,1,1,0.9905454209506236,0,6
15751180,1.0,0.0,0.0,0.7000000000000001,0.3812994470298179,0.0,1,0,0.836334728612253,0,7
15589210,1.0,0.0,0.0,0.4,0.0,0.0,0,0,0.101782159824505,0,7
15714087,0.0,1.0,0.0,0.5,0.7136789859111505,0.0,1,0,0.3433986628283693,0,6
15748552,0.0,1.0,0.0,0.4,0.7331303206813479,0.0,0,0,0.7181030445820467,0,7
15580914,0.0,0.0,1.0,0.0,0.3914266123127274,0.3333333333333333,0,1,0.2200531303341718,1,7
15813718,0.0,0.0,1.0,0.4,0.0,0.3333333333333333,0,0,0.9650511982901724,0,7
15789611,0.0,1.0,0.0,0.8,0.7088927343120677,0.0,0,0,0.3219920357047536,1,6
15617348,1.0,0.0,0.0,0.1,0.0,0.3333333333333333,0,0,0.3456512044258696,0,7
15684512,0.0,1.0,0.0,0.8,0.6358283884345295,0.3333333333333333,1,1,0.3180529780928081,0,6
15789201,0.0,1.0,0.0,0.9,0.6843904121756833,0.0,1,0,0.8157746375396875,0,6
15766183,0.0,1.0,0.0,0.2,0.6125385025345641,0.3333333333333333,1,1,0.2577087454555928,0,7
15730793,0.0,1.0,0.0,0.3,0.5217137845888348,0.0,1,1,0.779361676284514,1,6
15768295,1.0,0.0,0.0,0.7000000000000001,0.5149216414087533,0.0,0,1,0.5648676078172387,0,7
15664793,0.0,0.0,1.0,0.7000000000000001,0.6898142760865539,0.3333333333333333,0,1,0.7532360673503381,0,7
15698271,1.0,0.0,0.0,0.4,0.0,0.3333333333333333,1,0,0.927414250502304,0,7
15801473,0.0,1.0,0.0,0.2,0.2441507165677686,0.3333333333333333,1,0,0.4247330358604482,0,6
15577515,0.0,1.0,0.0,0.0,0.5098138343119737,0.0,0,1,0.69977382498519,1,7
15659100,1.0,0.0,0.0,0.9,0.6022835986017364,0.0,0,0,0.7389092141507997,0,7
15650313,0.0,1.0,0.0,0.6000000000000001,0.6084849387766227,0.0,1,1,0.4254014565224539,0,6
15591010,0.0,1.0,0.0,0.8,0.5138645312348726,0.3333333333333333,1,0,0.4815856263333318,1,6
15678210,1.0,0.0,0.0,0.5,0.4938004927196488,0.3333333333333333,1,1,0.9918063918251292,0,7
15762799,0.0,1.0,0.0,0.0,0.8828967441213431,0.3333333333333333,1,1,0.5201929251406393,0,7
15567839,1.0,0.0,0.0,0.9,0.5387357821430954,0.0,0,1,0.4566818018871423,0,7
15664615,0.0,1.0,0.0,0.5,0.6422222295329126,0.0,1,1,0.2086313746629433,1,6
15592914,1.0,0.0,0.0,0.9,0.0,0.3333333333333333,1,1,0.2435846805551294,0,7
15770995,0.0,1.0,0.0,0.1,0.6164205261629245,0.0,1,0,0.9872492102541816,0,6
15638989,1.0,0.0,0.0,0.5,0.8932613397425111,0.0,0,0,0.2560737773059174,1,7
15799785,0.0,1.0,0.0,0.4,0.3663424636546413,0.0,1,1,0.6054285206528522,0,6
15701687,0.0,0.0,1.0,0.7000000000000001,0.364354337051446,0.6666666666666667,0,0,0.2860674779566566,1,6
15763579,0.0,1.0,0.0,0.2,0.4947164700143153,0.3333333333333333,1,1,0.263903447546219,0,7
15736510,0.0,0.0,1.0,0.2,0.0,0.6666666666666667,1,0,0.3326817116033093,1,6
15642336,1.0,0.0,0.0,0.9,0.0,0.3333333333333333,0,0,0.6778901048568649,0,6
15716276,1.0,0.0,0.0,0.2,0.5248172980126723,0.0,1,0,0.2845215424782682,0,7
15696361,0.0,1.0,0.0,0.7000000000000001,0.5906691098994162,0.0,0,1,0.6496169017741423,0,7
15583067,1.0,0.0,0.0,0.4,0.4566161383074018,0.0,0,1,0.315327096975897,0,7
15686670,1.0,0.0,0.0,0.2,0.0,0.3333333333333333,1,0,0.4622182427493049,1,6
15593345,0.0,1.0,0.0,0.6000000000000001,0.5885996309772334,0.3333333333333333,1,1,0.7935262287797334,0,6
15689268,1.0,0.0,0.0,0.9,0.0,0.0,1,1,0.5286925174370661,0,7
15711635,0.0,1.0,0.0,0.6000000000000001,0.6516198087962017,0.3333333333333333,1,0,0.3231394511373536,0,6
15759133,1.0,0.0,0.0,0.6000000000000001,0.0,0.3333333333333333,1,1,0.1357780266866799,0,7
15796111,0.0,1.0,0.0,0.8,0.6821723278042581,0.0,0,1,0.6262464010957375,1,6
15683993,1.0,0.0,0.0,0.8,0.6720023949821926,0.3333333333333333,1,0,0.7940513163497965,0,7
15731989,1.0,0.0,0.0,0.4,0.5647448845793412,0.3333333333333333,1,0,0.1677723350016658,0,7
15641733,1.0,0.0,0.0,0.5,0.7743159778586339,0.0,1,0,0.5533672791870892,0,7
15716347,0.0,1.0,0.0,0.7000000000000001,0.6750025613526196,0.3333333333333333,0,1,0.8823636187381793,0,7
15625311,0.0,1.0,0.0,0.7000000000000001,0.4352824678468,0.0,1,1,0.5054726566353187,0,6
15632010,0.0,0.0,1.0,0.7000000000000001,0.5698901015235582,0.3333333333333333,1,0,0.3855494519436022,0,6
15750055,0.0,0.0,1.0,0.9,0.4712084226673597,0.3333333333333333,1,1,0.7894483422582038,0,6
15671534,0.0,1.0,0.0,0.6000000000000001,0.4239720046508523,0.0,1,0,0.0687292185158529,1,6
15707042,1.0,0.0,0.0,0.2,0.4108183545118813,0.0,1,0,0.316105820059216,0,7
15630592,1.0,0.0,0.0,0.4,0.0,0.0,1,0,0.4759196151586555,1,7
15748499,0.0,1.0,0.0,0.4,0.5564522587370322,0.0,0,1,0.0691714791769897,1,6
15812766,0.0,0.0,1.0,0.6000000000000001,0.733679860060852,0.0,0,0,0.9544409461405388,0,7
15660263,1.0,0.0,0.0,0.4,0.4690318839054,0.3333333333333333,1,0,0.9868860730631428,0,7
15645820,1.0,0.0,0.0,0.7000000000000001,0.0,0.3333333333333333,1,0,0.5569839874815761,0,7
15700300,0.0,1.0,0.0,0.4,0.618455509070008,0.0,0,1,0.8566295733903716,1,7
15686913,1.0,0.0,0.0,0.0,0.0,0.0,1,0,0.4158104507940848,0,7
15771409,1.0,0.0,0.0,0.7000000000000001,0.7140469747370736,0.0,1,0,0.8146657578894883,1,7
15737542,0.0,1.0,0.0,1.0,0.4854564988330571,0.0,1,0,0.802594899493925,0,6
15609987,1.0,0.0,0.0,0.2,0.5635874351789797,0.0,1,0,0.7841782487128423,0,7
15615176,1.0,0.0,0.0,0.7000000000000001,0.0,0.3333333333333333,1,0,0.7716488645531809,0,6
15752578,1.0,0.0,0.0,0.2,0.6296178837869668,0.3333333333333333,1,0,0.7432474424126523,0,7
15721504,0.0,0.0,1.0,0.3,0.0,0.3333333333333333,1,0,0.5064379029147515,0,6
15642098,0.0,0.0,1.0,0.0,0.5120825347709492,0.3333333333333333,1,0,0.5555263840238854,1,6
15809909,0.0,0.0,1.0,0.4,0.0,0.3333333333333333,1,1,0.034975076106919,0,6
15656417,1.0,0.0,0.0,0.1,0.6207284392856035,0.3333333333333333,1,0,0.961277394124314,0,7
15598574,0.0,0.0,1.0,0.5,0.0,0.3333333333333333,0,1,0.0691676756452203,0,6
15689692,0.0,1.0,0.0,0.3,0.7065966814269505,0.0,1,1,0.8688360076749266,0,7
15604196,1.0,0.0,0.0,0.6000000000000001,0.8728068946912794,0.0,1,1,0.5120970577229487,0,7
15594651,1.0,0.0,0.0,0.4,0.541509233558701,0.0,0,1,0.354221712571208,0,7
15730150,0.0,0.0,1.0,0.0,0.5678481160194041,0.0,1,0,0.1405289881919856,0,6
15788634,0.0,0.0,1.0,0.2,0.5349094033129332,0.0,0,0,0.4411874145738025,0,7
15665181,0.0,0.0,1.0,0.7000000000000001,0.0,0.3333333333333333,0,1,0.1151177926263431,0,6
15740356,0.0,1.0,0.0,0.4,0.54057116753502,0.0,0,1,0.8120783553568666,0,7
15763029,0.0,1.0,0.0,0.9,0.7587714812889665,0.0,1,1,0.4843638060120725,1,6
15707559,1.0,0.0,0.0,0.9,0.0,0.3333333333333333,1,1,0.9755394371443604,0,6
15677955,0.0,1.0,0.0,0.1,0.5737837334839753,0.0,1,0,0.2122115490338553,0,6
15570086,0.0,1.0,0.0,0.9,0.4255323148706023,0.0,0,1,0.0230165720379658,0,7
15718531,1.0,0.0,0.0,0.8,0.0,0.3333333333333333,1,1,0.8838270275864654,0,6
15585287,0.0,1.0,0.0,0.9,0.5637235863448417,0.0,1,0,0.2404221439817943,1,6
15679818,0.0,1.0,0.0,0.7000000000000001,0.6424969757240168,0.0,0,1,0.3331839279362852,1,6
15566380,0.0,0.0,1.0,1.0,0.3146406445773109,0.3333333333333333,1,1,0.7035574883057664,0,6
15607176,1.0,0.0,0.0,0.3,0.0,0.0,1,1,0.8696194851729574,0,7
15570299,0.0,1.0,0.0,0.6000000000000001,0.717283725494435,0.0,1,0,0.4960636699207049,0,6
15773949,1.0,0.0,0.0,0.3,0.0,0.3333333333333333,1,1,0.0405578099544331,0,7
15691504,0.0,1.0,0.0,0.8,0.5832323518104767,0.0,0,0,0.1187419077984862,0,7
15576131,1.0,0.0,0.0,0.5,0.0,0.3333333333333333,1,0,0.739185670854672,0,7
15761018,0.0,1.0,0.0,0.2,0.6759583453568081,0.3333333333333333,1,0,0.9060715827681792,1,6
15596379,0.0,1.0,0.0,0.3,0.5625376565832402,0.0,0,1,0.1299103282352828,0,7
15716501,1.0,0.0,0.0,0.9,0.4482467188837954,0.0,0,1,0.9377359847486384,0,7
15811343,0.0,1.0,0.0,0.5,0.7594345191377686,0.6666666666666667,1,1,0.3183827843343937,0,7
15697201,0.0,0.0,1.0,0.3,0.0,0.0,1,1,0.7811347726931842,0,6
15757607,1.0,0.0,0.0,0.0,0.0,0.0,1,0,0.9826901269173492,1,7
15718572,0.0,1.0,0.0,0.9,0.6507058993825494,0.3333333333333333,1,1,0.5173306673912061,0,6
15652782,0.0,1.0,0.0,0.2,0.475142190318369,0.3333333333333333,0,1,0.9673875176795412,0,7
15579287,1.0,0.0,0.0,0.4,0.0,0.3333333333333333,0,1,0.4314287531687549,0,7
15652169,1.0,0.0,0.0,0.2,0.6258251550205801,0.0,0,1,0.6109506482244088,0,7
15616088,1.0,0.0,0.0,0.7000000000000001,0.4562141234393372,0.0,0,1,0.6556039110115698,0,7
15661409,1.0,0.0,0.0,0.1,0.0,0.0,1,1,0.8912194918591658,1,7
15790448,1.0,0.0,0.0,0.6000000000000001,0.3271827659036498,0.0,1,0,0.7165028086830026,0,7
15785326,0.0,0.0,1.0,0.5,0.6416365022356613,0.3333333333333333,1,0,0.2976505834492618,0,6
15644699,1.0,0.0,0.0,0.0,0.0,0.3333333333333333,1,0,0.0046130834786641,0,7
15577398,1.0,0.0,0.0,0.6000000000000001,0.4062887551450289,0.0,1,1,0.9440317807099784,0,7
15806929,0.0,1.0,0.0,0.5,0.3439966594322162,0.0,1,1,0.4456361454428509,0,6
15588341,0.0,0.0,1.0,1.0,0.4691983013297414,0.0,0,1,0.4450375396074025,0,7
15627042,1.0,0.0,0.0,0.7000000000000001,0.0,0.3333333333333333,1,0,0.4651530178347104,0,7
15803032,0.0,1.0,0.0,0.9,0.4188005632155925,0.0,0,0,0.7860369245863247,0,7
15809872,1.0,0.0,0.0,0.2,0.3990373543906283,0.0,1,0,0.8159490995363746,0,7
15573045,1.0,0.0,0.0,1.0,0.6003375815755561,0.3333333333333333,1,1,0.4252689334681718,0,7
15773520,1.0,0.0,0.0,0.4,0.4351928440037559,0.3333333333333333,1,1,0.8365697468384268,0,7
15595713,0.0,0.0,1.0,0.6000000000000001,0.0,0.0,1,1,0.1578974156452974,0,6
15620836,0.0,1.0,0.0,0.2,0.5095017722680236,0.3333333333333333,1,0,0.5141309963366484,0,6
15736146,0.0,1.0,0.0,0.4,0.4543684926369336,0.0,1,1,0.2450037982768899,0,6
15774847,1.0,0.0,0.0,0.6000000000000001,0.8071348004635812,0.0,0,0,0.10367336590391,0,7
15758252,0.0,1.0,0.0,0.2,0.78995583194143,0.3333333333333333,0,1,0.5782413760297124,0,7
15655232,0.0,1.0,0.0,0.6000000000000001,0.5959414075314106,0.3333333333333333,1,1,0.8055240193281471,0,6
15751524,0.0,1.0,0.0,1.0,0.3233735410864458,0.0,1,0,0.1646381247307187,0,6
15603749,1.0,0.0,0.0,0.2,0.2137074192750948,0.0,1,1,0.2045775604937965,1,7
15603096,1.0,0.0,0.0,0.6000000000000001,0.5911775266451168,0.0,0,0,0.3310842783066216,1,7
15752502,1.0,0.0,0.0,0.4,0.6127780947484281,0.0,0,1,0.6530251665183706,0,7
15771674,0.0,0.0,1.0,0.5,0.763191529959366,0.3333333333333333,1,0,0.2728757287579382,0,6
15603328,1.0,0.0,0.0,0.1,0.3656655616035853,0.0,1,1,0.0096274395590025,0,7
15760177,0.0,0.0,1.0,0.9,0.4711581355608797,0.0,1,1,0.7299544492038081,0,6
15637366,0.0,1.0,0.0,0.5,0.5370326941387792,0.3333333333333333,1,1,0.6333384864515946,0,6
15734737,1.0,0.0,0.0,0.9,0.0,0.3333333333333333,1,1,0.8473889430030254,0,6
15703544,0.0,0.0,1.0,0.0,0.0,0.0,1,0,0.9149032834438418,0,7
15765283,0.0,1.0,0.0,0.3,0.7047807999127729,0.3333333333333333,1,0,0.52264865540898,0,6
15625023,1.0,0.0,0.0,0.4,0.0,0.0,0,1,0.5263605520906438,0,7
15617304,1.0,0.0,0.0,0.6000000000000001,0.0,0.3333333333333333,1,1,0.5590936464053697,0,7
15589698,0.0,1.0,0.0,0.6000000000000001,0.5033621865397865,0.0,1,1,0.205822366358282,1,6
15611729,0.0,1.0,0.0,0.1,0.66529136913462,0.0,1,1,0.155538975715901,1,6
15677336,0.0,1.0,0.0,0.1,0.564170248643893,0.0,1,0,0.6615771074230977,1,6
15632882,0.0,1.0,0.0,0.1,0.5960062168022852,0.3333333333333333,1,1,0.1492267645121878,1,6
15758031,0.0,0.0,1.0,0.3,0.4288120211563026,0.0,0,1,0.4028949080668855,0,7
15792627,0.0,0.0,1.0,0.5,0.3973988876680036,0.0,1,1,0.3446262026604803,0,6
15658982,0.0,1.0,0.0,0.5,0.573528679159801,0.6666666666666667,0,1,0.7331069264365426,1,6
15758769,1.0,0.0,0.0,0.7000000000000001,0.0,0.0,1,0,0.0230894897457033,0,7
15772383,1.0,0.0,0.0,0.9,0.6171079086109383,0.0,0,0,0.416214175672821,0,7
15585985,1.0,0.0,0.0,0.5,0.7767826779247121,0.0,1,0,0.7687551776201792,1,7
15771749,0.0,1.0,0.0,0.5,0.5370297333091453,0.3333333333333333,1,1,0.4471483996464918,0,6
15634606,0.0,0.0,1.0,0.1,0.0,0.3333333333333333,1,1,0.8844974501072972,0,6
15754940,0.0,0.0,1.0,0.2,0.4002395922138639,0.0,0,1,0.0246523409311716,1,7
15728709,0.0,1.0,0.0,0.7000000000000001,0.5024077654571755,0.3333333333333333,0,0,0.5898866892853359,0,7
15702601,0.0,1.0,0.0,0.4,0.5089819821767455,0.3333333333333333,0,1,0.2212373299226997,1,6
15806546,0.0,0.0,1.0,0.4,0.0,0.0,1,0,0.1110760897030938,0,6
15638329,0.0,1.0,0.0,0.1,0.5237008772515229,0.0,1,1,0.8433099554591417,0,7
15733460,0.0,0.0,1.0,0.9,0.0,0.3333333333333333,1,1,0.523858478790481,0,6
15711457,1.0,0.0,0.0,0.7000000000000001,0.5853056375136174,0.0,0,1,0.9442402743067076,0,7
15732967,1.0,0.0,0.0,0.6000000000000001,0.0,0.3333333333333333,1,1,0.7577215823753146,0,7
15646942,0.0,0.0,1.0,0.7000000000000001,0.0,0.3333333333333333,0,0,0.5042251983078888,0,7
15649060,0.0,1.0,0.0,0.3,0.3888061370948715,0.3333333333333333,1,0,0.300450583389206,0,6
15774258,1.0,0.0,0.0,0.1,0.0,0.3333333333333333,1,1,0.936695818902642,0,7
15780716,0.0,1.0,0.0,0.3,0.6092080391694261,0.3333333333333333,1,1,0.5156906945944657,0,7
15661830,0.0,0.0,1.0,0.6000000000000001,0.0,0.3333333333333333,1,1,0.2984682426867468,0,6
15673820,1.0,0.0,0.0,0.7000000000000001,0.0,0.3333333333333333,1,0,0.7170278962530657,0,7
15577598,0.0,0.0,1.0,0.4,0.5434581644172194,0.3333333333333333,1,0,0.3514396793142272,0,6
15786042,0.0,1.0,0.0,0.2,0.8738309657662297,0.3333333333333333,1,0,0.3264792523097322,0,6
15759690,1.0,0.0,0.0,0.4,0.0,0.3333333333333333,1,1,0.4066996909980763,0,7
15605673,0.0,0.0,1.0,0.8,0.0,0.3333333333333333,0,0,0.392558159879356,0,7
15687719,0.0,0.0,1.0,0.5,0.0,0.3333333333333333,0,1,0.0329488446496994,0,6
15599329,1.0,0.0,0.0,0.7000000000000001,0.9175671661852576,1.0,0,1,0.6551351757674588,1,6
15644551,0.0,0.0,1.0,0.3,0.4689101139120454,0.3333333333333333,1,0,0.2736927874377753,0,6
15750837,0.0,1.0,0.0,0.0,0.6661851637056803,0.0,0,1,0.0451586320477879,0,7
15635502,1.0,0.0,0.0,0.2,0.0,0.0,1,0,0.7956763752982833,0,7
15803202,1.0,0.0,0.0,1.0,0.0,0.0,1,1,0.6288118832742142,1,7
15711386,1.0,0.0,0.0,0.6000000000000001,0.0,0.3333333333333333,0,1,0.3230565741819566,0,7
15615219,1.0,0.0,0.0,0.5,0.6521915778966078,0.0,0,1,0.619043863179155,0,7
15793424,0.0,0.0,1.0,0.8,0.2879745199461223,0.3333333333333333,1,0,0.680012725816557,0,6
15585466,1.0,0.0,0.0,1.0,0.0,0.3333333333333333,1,0,0.0600990049310287,0,7
15770968,0.0,1.0,0.0,0.8,0.510914980951996,0.3333333333333333,1,0,0.1235099851967544,0,6
15766137,1.0,0.0,0.0,0.2,0.0,0.3333333333333333,1,1,0.4149299832359338,0,7
15714642,0.0,0.0,1.0,0.7000000000000001,0.0,0.0,1,0,0.7080274889248412,0,6
15570485,0.0,0.0,1.0,0.4,0.7602605436083206,0.0,0,0,0.4614302110224448,0,7
15673929,1.0,0.0,0.0,0.4,0.0,0.3333333333333333,1,1,0.741326508729681,0,7
15590828,0.0,1.0,0.0,0.7000000000000001,0.5941791969290087,0.0,1,0,0.1984438150044223,0,6
15761713,1.0,0.0,0.0,0.7000000000000001,0.8369011957051989,0.0,0,0,0.5516507853367244,0,7
15639004,1.0,0.0,0.0,0.2,0.0,0.3333333333333333,1,1,0.3533552079783683,0,7
15810839,1.0,0.0,0.0,0.0,0.4845805162370956,0.0,0,0,0.6279262108831155,0,7
15614643,0.0,0.0,1.0,0.2,0.0,0.3333333333333333,1,0,0.6834292982749132,0,6
15779620,1.0,0.0,0.0,0.1,0.0,0.0,0,1,0.4724004974819368,0,7
15671973,0.0,0.0,1.0,0.5,0.0,0.3333333333333333,1,1,0.0362224843878783,0,6
15757865,1.0,0.0,0.0,0.7000000000000001,0.0,0.3333333333333333,1,1,0.3049960040395509,0,7
15675141,1.0,0.0,0.0,0.4,0.4414673589681649,0.0,1,0,0.9237079089788824,0,7
15810660,0.0,1.0,0.0,0.4,0.5680808936253807,0.3333333333333333,0,1,0.5666715328518296,0,7
15787825,0.0,1.0,0.0,0.6000000000000001,0.7166938154378596,0.0,1,1,0.4991089476133062,0,6
15679963,0.0,1.0,0.0,0.8,0.452836803770311,0.0,0,0,0.050204667544048,0,7
15802118,0.0,0.0,1.0,0.7000000000000001,0.5800814651124974,0.0,1,1,0.8244951850040354,0,7
15729065,0.0,1.0,0.0,0.2,0.5167825463322839,0.3333333333333333,1,1,0.8540514294548203,0,7
15580623,0.0,0.0,1.0,0.8,0.0,0.3333333333333333,0,0,0.3877692631492972,0,7
15733111,0.0,0.0,1.0,0.6000000000000001,0.5836091291307097,0.0,1,1,0.6935487947333496,0,6
15680611,1.0,0.0,0.0,0.9,0.0,0.6666666666666667,1,1,0.3610381419667232,0,6
15792862,0.0,1.0,0.0,0.1,0.4915170351097997,0.0,1,0,0.0748101149322203,1,6
15648178,0.0,1.0,0.0,0.4,0.6483958883005871,0.0,0,1,0.872772212638045,0,7
15738662,0.0,1.0,0.0,0.9,0.7492968264606054,0.0,1,0,0.8918067871922474,0,6
15569624,0.0,1.0,0.0,0.6000000000000001,0.4975349918365697,0.3333333333333333,1,0,0.7276213828350314,0,6
15645323,1.0,0.0,0.0,0.2,0.0,0.0,1,1,0.53061209986533,1,7
15632816,0.0,1.0,0.0,0.2,0.6013236788355197,0.0,1,1,0.9137832434306876,0,7
15676526,1.0,0.0,0.0,0.4,0.4172084828238982,0.0,1,1,0.8440027987988247,0,7
15663650,0.0,1.0,0.0,1.0,0.5043016154850449,0.6666666666666667,1,0,0.1432736867818612,1,6
15605737,1.0,0.0,0.0,0.5,0.0,0.3333333333333333,1,0,0.6236673563237144,0,7
15793197,1.0,0.0,0.0,0.8,0.4716626985283266,0.0,0,0,0.2295135648206141,0,7
15602030,1.0,0.0,0.0,0.4,0.6025372430070373,0.0,1,1,0.2707210280105592,0,7
15680666,0.0,0.0,1.0,0.2,0.7141862277244567,0.3333333333333333,1,0,0.7945900165598767,0,6
15778915,1.0,0.0,0.0,0.7000000000000001,0.6041566288275771,0.3333333333333333,0,1,0.9470019386501336,0,7
15669946,0.0,1.0,0.0,0.2,0.6660780098713119,0.0,1,1,0.2906650970758898,0,7
15655368,1.0,0.0,0.0,0.1,0.0,0.0,0,0,0.4574083765480436,0,7
15609083,1.0,0.0,0.0,0.6000000000000001,0.0,0.0,1,0,0.5005758597145379,1,7
15735782,1.0,0.0,0.0,0.9,0.5684914620012763,0.0,1,0,0.0262299558254817,0,7
15774401,0.0,0.0,1.0,0.4,0.0,0.3333333333333333,0,0,0.6176216926226848,1,7
15643770,1.0,0.0,0.0,0.5,0.5295207873738944,0.0,1,0,0.1046320560956876,1,7
15620750,1.0,0.0,0.0,0.3,0.6631291645478719,0.0,1,1,0.0772170999381475,0,7
15584928,0.0,1.0,0.0,0.4,0.5643198880336425,0.3333333333333333,1,1,0.8146744659753815,0,7
15681316,1.0,0.0,0.0,0.0,0.5665490637668708,0.3333333333333333,1,0,0.8785363649416665,0,7
15682523,1.0,0.0,0.0,0.1,0.6552952793096284,0.0,1,1,0.4275401924456954,0,7
15795747,0.0,0.0,1.0,0.7000000000000001,0.806693354864361,0.0,0,1,0.5035334059440894,0,7
15758451,0.0,1.0,0.0,0.7000000000000001,0.4827034442438181,0.0,1,0,0.0445895035835525,0,6
15667438,1.0,0.0,0.0,0.1,0.4888512075015203,0.0,0,0,0.1095549272276772,1,7
15621644,0.0,1.0,0.0,0.6000000000000001,0.5797428025991384,0.0,0,1,0.4642121441864844,0,7
15572073,0.0,0.0,1.0,0.5,0.0,0.3333333333333333,1,1,0.3125739905789521,0,6
15777217,0.0,0.0,1.0,1.0,0.0,0.3333333333333333,1,1,0.9039904002861858,0,6
15798749,0.0,1.0,0.0,0.3,0.7146577515929732,0.3333333333333333,1,0,0.489113516355612,0,6
15758048,1.0,0.0,0.0,0.2,0.6999871227409574,0.0,1,1,0.5843731697067313,0,7
15802809,0.0,0.0,1.0,0.0,0.3968384449158795,0.0,1,1,0.9071989796125192,0,6
15641773,0.0,1.0,0.0,0.2,0.8428252048377135,0.3333333333333333,1,1,0.8464132370112267,0,7
15753229,1.0,0.0,0.0,0.9,0.5988139292465111,0.0,1,1,0.672028662214299,0,7
15739997,1.0,0.0,0.0,0.2,0.4439590615955957,0.3333333333333333,0,1,0.9294765154183918,0,7
15707138,0.0,0.0,1.0,0.5,0.0,0.3333333333333333,1,1,0.4998759097760225,0,6
15639665,0.0,0.0,1.0,0.0,0.0,0.3333333333333333,1,1,0.4805674809344217,0,6
15763065,0.0,0.0,1.0,0.2,0.0,0.3333333333333333,1,0,0.9988063416285192,0,6
15792232,0.0,0.0,1.0,0.5,0.0,0.3333333333333333,0,0,0.5253458598982085,0,7
15795370,0.0,1.0,0.0,0.6000000000000001,0.6192053979214035,0.0,1,0,0.4339853771219266,0,6
15584156,0.0,0.0,1.0,1.0,0.0,0.6666666666666667,0,0,0.472647927232832,1,6
15702656,1.0,0.0,0.0,0.1,0.4550972797025258,0.0,1,0,0.5434371085271229,0,7
15581089,0.0,0.0,1.0,0.7000000000000001,0.0,0.3333333333333333,1,1,0.2144912158184482,0,6
15674573,1.0,0.0,0.0,0.4,0.5694801911098035,0.0,1,1,0.2807146075488395,0,7
15592104,1.0,0.0,0.0,0.5,0.0,0.0,0,0,0.18201806287228,1,7
15622370,0.0,1.0,0.0,0.1,0.5471281362470403,0.0,0,1,0.4285480783181223,0,7
15655171,1.0,0.0,0.0,0.3,0.0,0.0,1,1,0.3284212055103767,0,7
15571281,1.0,0.0,0.0,1.0,0.3739244903848231,0.0,1,1,0.3728921490049585,0,7
15739847,0.0,1.0,0.0,0.5,0.6897167097005237,0.0,1,0,0.3908149912601346,0,6
15661708,1.0,0.0,0.0,0.5,0.0,0.3333333333333333,1,1,0.4704000399571021,0,7
15733361,0.0,1.0,0.0,0.6000000000000001,0.4075326325723217,0.0,1,0,0.4288567149026228,1,6
15780409,1.0,0.0,0.0,0.6000000000000001,0.0,0.3333333333333333,1,0,0.5483309527061353,0,7
15655360,0.0,1.0,0.0,0.5,0.6986946501098326,0.0,1,0,0.0121485805644831,1,6
15752294,1.0,0.0,0.0,0.9,0.6390645752243416,1.0,1,1,0.3823788578884923,1,6
15778838,1.0,0.0,0.0,0.9,0.536404434288851,0.0,1,0,0.7661703775040314,0,7
15619898,1.0,0.0,0.0,0.5,0.0,0.3333333333333333,1,1,0.03418404159182,0,7
15724543,1.0,0.0,0.0,0.5,0.0,0.3333333333333333,1,1,0.4059818744695387,0,7
15698927,1.0,0.0,0.0,0.7000000000000001,0.0,0.3333333333333333,0,1,0.1806128080228896,0,7
15687363,1.0,0.0,0.0,0.3,0.7286816036605253,0.3333333333333333,1,1,0.930294575027642,0,7
15812534,1.0,0.0,0.0,0.1,0.0,0.6666666666666667,0,1,0.6495889257970489,0,7
15693131,1.0,0.0,0.0,0.3,0.4488627124395261,0.0,1,1,0.2280958484000318,0,7
15596624,1.0,0.0,0.0,0.9,0.0,0.3333333333333333,1,1,0.2212026977650097,0,7
15603221,0.0,1.0,0.0,0.4,0.3967587844995398,0.0,0,1,0.2609248817989945,0,7
15660611,0.0,0.0,1.0,0.3,0.0,0.3333333333333333,1,1,0.6196770511258229,0,6
15781689,0.0,0.0,1.0,0.5,0.0,0.3333333333333333,1,0,0.4745977377293686,0,6
15696054,1.0,0.0,0.0,0.2,0.0,0.0,0,1,0.605550634041239,0,7
15638621,0.0,0.0,1.0,0.1,0.2837460792505999,0.0,1,0,0.2004138442751016,0,6
15607112,1.0,0.0,0.0,0.6000000000000001,0.0,0.3333333333333333,0,1,0.1819811786234107,0,7
15797149,0.0,0.0,1.0,0.4,0.6752593545767376,0.3333333333333333,1,1,0.3170594055109872,0,6
15667424,0.0,1.0,0.0,0.7000000000000001,0.5221119926759413,0.3333333333333333,1,1,0.3228052908528214,0,6
15759872,1.0,0.0,0.0,0.9,0.0,0.3333333333333333,1,0,0.7852026999670544,0,6
15712536,1.0,0.0,0.0,0.3,0.0,0.3333333333333333,1,0,0.2057756229546945,1,6
15644103,0.0,0.0,1.0,0.2,0.7128345385006546,0.0,0,1,0.2492338260691965,0,7
15572114,0.0,0.0,1.0,0.1,0.5716244427295653,0.0,1,1,0.0154163648655959,0,6
15662698,0.0,0.0,1.0,0.7000000000000001,0.381401008185989,0.0,1,1,0.7224441254927263,1,6
15771323,0.0,0.0,1.0,0.5,0.5716135393569453,0.0,1,1,0.4116819672907278,0,6
15777743,1.0,0.0,0.0,0.3,0.4334304924094667,0.0,1,1,0.2719478171456105,0,7
15596136,1.0,0.0,0.0,0.9,0.7845722917103349,0.0,1,1,0.3619689562743485,0,7
15581115,1.0,0.0,0.0,0.9,0.3607967357558245,0.0,0,0,0.2404559253494832,0,7
15763907,1.0,0.0,0.0,0.1,0.4916588729484504,0.0,1,0,0.3070863450256736,1,7
15736327,0.0,1.0,0.0,0.1,0.320702543775631,0.3333333333333333,1,1,0.5474803128444917,0,7
15576615,0.0,0.0,1.0,1.0,0.6832589522798856,0.0,1,0,0.4015248358863623,0,6
15726179,0.0,1.0,0.0,0.5,0.617701108478218,0.3333333333333333,1,1,0.0166116247241376,1,6
15652999,0.0,1.0,0.0,0.1,0.6482710634830071,0.0,1,1,0.2562825211349999,0,7
15736371,1.0,0.0,0.0,0.3,0.5782285497292484,0.3333333333333333,1,1,0.1908614744220746,0,7
15578374,0.0,0.0,1.0,0.7000000000000001,0.7957239980411526,0.0,1,0,0.2263897141690917,0,6
15776518,1.0,0.0,0.0,0.4,0.8259274681334834,0.0,1,1,0.9656584621650434,0,7
15813140,0.0,0.0,1.0,0.5,0.0,0.3333333333333333,0,1,0.7196787577104721,0,6
15770516,0.0,0.0,1.0,0.7000000000000001,0.9080489448637123,0.3333333333333333,1,1,0.6867105450766309,0,6
15798084,1.0,0.0,0.0,0.0,0.0,0.3333333333333333,1,0,0.5285240610168572,0,7
15596811,1.0,0.0,0.0,0.8,0.6568029525581097,0.0,1,0,0.398835188414202,0,7
15647800,1.0,0.0,0.0,0.6000000000000001,0.4759252122632862,0.0,1,0,0.1667738078192505,0,7
15774586,0.0,1.0,0.0,1.0,0.5573354319192473,0.0,1,1,0.8060657723729369,1,6
15653037,1.0,0.0,0.0,0.1,0.0,0.0,0,1,0.0927389627638743,0,7
15782475,1.0,0.0,0.0,0.8,0.0,0.3333333333333333,1,1,0.5261261844685883,0,7
15581736,0.0,1.0,0.0,0.1,0.8627741939728787,0.3333333333333333,0,1,0.1695041430720495,0,7
